Top Çalma,Pas Arası,Top Uzaklaştırma,İsabetli Pas,İsabetli Pas %,İsabetli Orta,İsabetli Orta %,İsabetli Uzun Top,İsabetli Uzun Top %,Başarılı Top Sürme,Zeminde Kazanılan İkili Mücadele,Kazanılan Hava Topu Mücadelesi,Kazanılan Toplam İkili Mücadele,Kazanılan Toplam İkili Mücadele %,player.name,player.slug,team.name,team.shortName
1.56,0.51,0.25,27.86,77.23,2.28,33.16,1.52,51.22,0.54,3.26,0.18,3.44,39.75,Dries Mertens,dries-mertens,Galatasaray,
2.62,0.52,0.46,21.73,78.4,1.54,29.76,0.96,51.67,0.31,4.41,0.25,4.66,50.67,Sebastian Szymański,sebastian-szymanski,Fenerbahçe,
0.38,0.06,1.31,12.58,67.0,0.06,50.0,0.88,66.67,0.69,2.94,6.01,8.95,47.83,Paul Onuachu,paul-onuachu,Trabzonspor,
0.19,0.09,0.63,11.75,75.05,0.0,0.0,0.47,60.0,0.22,1.2,1.86,3.06,49.49,Mauro Icardi,mauro-icardi,Galatasaray,
1.56,0.33,0.78,37.38,80.08,1.56,21.99,3.35,65.69,1.0,4.2,0.67,4.87,52.61,Valentin Eysseric,valentin-eysseric,Fatih Karagümrük,
2.03,0.95,1.57,45.72,84.8,0.65,35.29,2.79,59.88,1.54,5.22,0.7,5.92,59.84,Ferdi Kadıoğlu,ferdi-kadioglu,Fenerbahçe,
0.94,0.43,0.4,27.51,73.95,1.54,34.18,0.6,24.42,0.91,2.99,0.4,3.39,42.81,Dušan Tadić,dusan-tadic,Fenerbahçe,
2.02,0.78,1.61,36.6,82.82,0.61,23.4,2.16,51.32,0.53,3.57,1.33,4.9,58.22,Aytaç Kara,aytac-kara,Kasımpaşa,
1.71,0.54,0.44,28.88,73.48,1.66,27.73,2.64,56.07,0.71,4.38,0.65,5.03,49.6,Haris Hajradinović,haris-hajradinovic,Kasımpaşa,
1.47,0.98,0.36,30.73,79.82,1.29,33.33,1.95,57.89,1.6,4.88,0.93,5.82,49.81,İrfan Can Kahveci,irfan-can-kahveci,Fenerbahçe,
0.62,0.1,0.85,19.34,69.79,0.13,12.5,1.21,62.71,0.72,2.43,2.59,5.02,45.54,Edin Džeko,edin-dzeko,Fenerbahçe,
2.44,1.42,2.24,29.58,75.98,2.32,34.17,2.72,46.15,0.82,3.68,0.74,4.42,60.0,Guilherme Haubert Sityá,guilherme-haubert-sitya,Konyaspor,
2.24,1.01,0.7,47.48,83.55,0.26,26.09,3.29,59.52,1.1,4.96,0.18,5.13,50.43,Fred,fred,Fenerbahçe,
1.02,0.54,0.36,20.19,66.75,1.42,31.2,1.38,45.78,1.16,3.09,0.69,3.78,43.51,Kerem Aktürkoğlu,kerem-akturkoglu,Galatasaray,
0.48,0.07,1.23,13.71,74.7,0.0,0.0,0.67,72.0,0.74,4.35,2.3,6.65,46.49,Rey Manaj,rey-manaj,Sivasspor,
0.5,0.25,0.0,33.67,82.39,0.38,18.75,2.82,66.18,1.88,4.76,0.5,5.26,58.33,Samu Sáiz,samu-saiz,Sivasspor,
1.11,0.4,0.15,21.07,79.21,1.61,27.35,2.56,68.92,2.26,4.47,0.1,4.58,52.91,Yusuf Sarı,yusuf-sari,Adana Demirspor,
0.87,0.31,0.21,29.85,77.23,0.87,18.94,1.36,52.0,1.88,4.07,0.35,4.42,43.49,Oğuz Aydın,oguz-aydin,Alanyaspor,
0.92,0.23,0.85,12.47,64.03,0.15,40.0,0.5,52.0,1.89,4.69,2.58,7.27,50.81,Nuno Da Costa,nuno-da-costa,Kasımpaşa,
1.08,0.94,0.29,29.55,75.71,2.05,29.3,2.38,57.03,0.91,2.57,0.07,2.64,40.5,Edin Višća,edin-visca,Trabzonspor,
1.5,0.17,0.17,32.67,76.97,1.84,26.19,1.75,48.84,1.25,3.76,0.25,4.01,40.0,Hakim Ziyech,hakim-ziyech,Galatasaray,
1.84,0.41,1.02,41.49,82.97,0.61,20.93,3.41,52.08,0.55,4.02,0.61,4.63,52.71,Anastasios Bakasetas,anastasios-bakasetas,Trabzonspor,
1.34,0.4,1.14,18.28,72.95,0.2,18.42,0.57,55.56,0.51,2.68,2.65,5.32,44.21,Mame Thiam,mame-thiam,Pendikspor,
2.14,2.21,5.07,37.18,77.74,0.07,25.0,4.82,47.95,0.17,3.2,2.48,5.69,57.29,Emirhan Topçu,emirhan-topcu,Çaykur Rizespor,
1.01,1.3,2.92,50.64,85.13,0.24,35.29,3.41,45.41,0.45,2.19,3.53,5.72,60.0,Abdülkerim Bardakcı,abdulkerim-bardakci,Galatasaray,
1.77,0.29,1.15,14.33,66.36,0.1,11.54,0.33,50.0,2.78,5.86,2.19,8.05,39.87,Denis Drăguş,denis-dragus,Gaziantep FK,
2.67,0.77,0.65,47.57,83.24,1.25,35.23,3.15,57.78,0.77,4.41,1.13,5.54,47.74,Kerem Demirbay,kerem-demirbay,Galatasaray,
2.41,1.26,1.44,56.74,89.52,0.12,50.0,3.58,69.19,0.27,4.27,0.78,5.05,52.17,Lucas Torreira,lucas-torreira,Galatasaray,
0.47,0.23,0.87,12.39,72.23,0.1,25.0,0.37,55.0,0.57,2.23,2.63,4.86,42.94,Krzysztof Piątek,krzysztof-piatek,Başakşehir FK,
2.18,0.81,0.74,28.36,75.58,0.54,21.33,2.32,50.0,1.07,5.34,1.01,6.34,58.7,Emre Akbaba,emre-akbaba,Adana Demirspor,
3.63,1.43,0.7,33.88,83.63,0.26,17.95,2.23,67.03,1.68,7.77,0.7,8.46,58.48,Gedson Fernandes,gedson-fernandes,Beşiktaş,
0.52,0.31,0.86,12.22,67.86,0.06,40.0,0.28,69.23,0.83,3.45,3.14,6.58,45.05,Adam Buksa,adam-buksa,Antalyaspor,
1.82,0.31,0.19,26.32,79.36,0.31,33.33,0.63,58.82,2.7,6.97,0.31,7.29,54.72,Wilfried Zaha,wilfried-zaha,Galatasaray,
1.0,0.35,0.18,28.37,83.68,0.47,26.67,0.82,56.0,1.35,4.47,0.29,4.77,41.75,Mahmoud Trézéguet,mahmoud-trezeguet,Trabzonspor,
2.29,2.19,2.63,44.58,89.13,0.09,27.27,1.76,60.64,0.49,3.83,2.16,5.99,59.88,Richard Cândido,richard-candido,Alanyaspor,
2.45,2.24,5.0,59.3,90.22,0.0,0.0,2.75,56.25,0.1,3.52,3.01,6.53,59.81,Ousseynou Ba,ousseynou-ba,Başakşehir FK,
1.31,0.67,0.44,33.19,83.99,2.05,39.35,3.6,65.64,1.21,3.64,0.5,4.14,45.9,Alexandru Maxim,alexandru-maxim,Gaziantep FK,
1.98,1.76,1.71,56.5,83.73,0.4,32.14,4.83,55.28,0.57,3.38,1.05,4.43,47.64,Tolga Ciğerci,tolga-cigerci,MKE Ankaragücü,
1.04,0.44,1.08,28.77,80.91,1.75,31.33,2.55,56.3,1.01,3.5,0.47,3.97,47.2,Deniz Türüç,deniz-turuc,Başakşehir FK,
1.25,0.73,1.25,43.61,79.17,1.25,27.48,8.49,53.39,0.59,2.33,0.52,2.85,52.23,Jonjo Shelvey,jonjo-shelvey,Çaykur Rizespor,
2.83,1.71,1.36,50.72,85.26,0.23,50.0,2.41,63.27,1.13,5.2,2.25,7.45,55.49,İsmail Yüksek,ismail-yuksek,Fenerbahçe,
2.12,0.49,0.88,24.71,75.76,0.56,20.51,0.88,51.02,2.36,5.93,2.36,8.29,49.58,Barış Alper Yılmaz,baris-alper-yilmaz,Galatasaray,
1.83,1.18,0.93,21.47,77.9,0.22,17.07,1.24,53.33,1.99,6.31,1.18,7.49,53.08,Ibrahim Olawoyin,ibrahim-olawoyin,Çaykur Rizespor,
1.26,1.53,3.67,51.44,87.64,0.0,0.0,2.6,43.08,0.09,2.0,2.14,4.14,56.33,Omar Colley,omar-colley,Beşiktaş,
0.9,0.32,0.27,11.79,71.84,0.05,6.67,0.58,57.89,2.07,4.78,1.01,5.79,37.33,Semih Kılıçsoy,semih-kilicsoy,Beşiktaş,
2.17,0.77,0.56,20.28,72.86,0.84,23.08,0.84,44.44,1.08,4.65,0.94,5.59,49.08,Emre Kılınç,emre-kilinc,Yılport Samsunspor,
2.73,1.56,1.8,47.77,85.64,0.08,22.22,5.47,66.35,0.59,5.12,1.45,6.56,59.79,Berat Ayberk Özdemir,berat-ayberk-ozdemir,Trabzonspor,
1.43,1.1,3.07,54.47,89.09,0.03,8.33,2.47,51.39,0.6,2.9,3.23,6.13,62.16,Léo Duarte,leo-duarte,Başakşehir FK,
0.77,1.58,3.68,48.57,83.66,0.04,50.0,2.38,37.78,0.04,1.4,4.52,5.92,68.98,Victor Nelsson,victor-nelsson,Galatasaray,
2.34,0.74,0.85,39.16,81.21,0.4,29.17,3.31,61.7,1.25,5.07,1.03,6.1,51.2,Salih Uçan,salih-ucan,Beşiktaş,
1.84,1.42,1.47,37.79,83.59,0.53,30.3,1.26,52.17,0.89,3.58,1.58,5.16,49.25,Sacha Boey,boey-sacha,Galatasaray,
2.18,1.26,1.53,36.0,85.6,0.39,40.91,1.53,47.95,0.44,4.27,1.44,5.71,64.22,Jonas Svensson,jonas-svensson,Beşiktaş,
1.17,0.15,0.58,38.16,85.06,1.75,22.64,2.04,53.85,0.87,4.51,0.44,4.95,51.52,Mert Hakan Yandaş,mert-hakan-yandas,Fenerbahçe,
0.38,0.38,0.77,14.78,62.35,0.29,50.0,2.3,48.98,0.77,3.26,1.25,4.51,45.19,Mario Balotelli,mario-balotelli,Adana Demirspor,
1.67,1.29,2.83,53.47,85.51,0.06,33.33,6.78,55.82,0.13,1.99,1.35,3.34,52.26,Semih Güler,semih-guler,Adana Demirspor,
1.39,0.46,0.46,24.1,80.38,1.75,28.0,1.03,52.73,1.11,3.74,1.07,4.81,43.69,Miguel Cardoso,miguel-cardoso,Kayserispor,
0.27,0.0,1.81,10.79,79.87,0.18,40.0,0.36,66.67,0.54,1.72,1.27,2.99,35.48,M'Baye Niang,mbaye-niang,Adana Demirspor,
2.31,1.13,0.77,34.45,88.16,0.18,27.27,1.84,63.27,1.48,7.17,0.53,7.71,63.11,Badou Ndiaye,badou-ndiaye,Pendikspor,
1.41,1.45,1.92,43.32,84.25,0.47,31.43,4.01,58.02,0.26,2.26,2.39,4.65,56.48,Kaan Ayhan,kaan-ayhan,Galatasaray,
1.28,0.94,1.07,55.64,87.17,1.21,25.0,4.56,68.69,0.54,2.89,1.21,4.09,53.98,Amir Hadžiahmetović,amir-hadziahmetovic,Beşiktaş,
0.94,1.56,2.39,52.24,88.78,0.07,25.0,2.5,46.62,0.65,2.68,2.07,4.75,56.96,Jerome Opoku,opoku-jerome,Başakşehir FK,
1.35,0.35,0.42,31.43,82.13,0.92,22.64,1.61,53.85,1.19,4.07,0.15,4.23,47.01,Enis Bardhi,enis-bardhi,Trabzonspor,
0.95,0.48,1.05,22.43,76.38,1.43,40.54,2.47,74.29,2.47,4.94,2.28,7.22,47.8,Didier Lamkel Zé,didier-lamkel-ze,Hatayspor,
2.19,1.24,2.47,55.62,83.19,0.0,0.0,3.65,43.05,0.39,3.37,2.92,6.29,58.64,Davinson Sánchez,davinson-sanchez,Galatasaray,
0.95,0.43,0.34,23.4,73.91,1.29,23.08,1.2,46.67,0.77,2.67,0.43,3.1,38.71,Cengiz Ünder,cengiz-under,Fenerbahçe,
1.03,0.51,2.1,51.85,84.62,0.0,0.0,2.81,55.04,0.24,1.54,3.92,5.47,66.35,Steven​ N'Zonzi,steven-nzonzi,Konyaspor,
1.45,0.87,0.36,24.29,78.14,1.08,40.54,1.45,55.56,1.3,3.25,0.43,3.69,42.86,Dimitrios Pelkas,dimitrios-pelkas,Başakşehir FK,
0.84,0.21,0.34,33.11,81.81,0.25,28.57,1.3,50.0,1.3,3.11,0.17,3.28,48.75,Efkan Bekiroğlu,efkan-bekiroglu,MKE Ankaragücü,
0.85,0.35,0.45,30.95,82.01,2.05,29.08,2.0,57.14,1.55,4.04,0.5,4.54,44.61,Ramzi Safuri,ramzi-safuri,Antalyaspor,
1.63,0.49,0.27,46.5,87.07,1.14,38.18,3.43,67.74,1.31,3.32,0.22,3.53,50.78,Nicolas Janvier,nicolas-janvier,Alanyaspor,
1.1,0.27,0.35,19.88,73.17,1.5,24.29,1.41,49.23,0.93,3.4,0.35,3.76,44.27,Milot Rashica,milot-rashica,Beşiktaş,
1.86,0.29,0.33,32.43,83.15,0.69,30.88,1.31,57.14,1.01,5.56,0.62,6.18,57.45,Efecan Karaca,efecan-karaca,Alanyaspor,
0.66,0.75,2.86,53.47,90.98,0.0,0.0,3.64,56.41,0.08,1.45,2.28,3.73,57.69,Stefano Denswil,stefano-denswil,Trabzonspor,
2.09,1.73,2.04,28.16,73.13,1.33,21.74,2.93,41.51,0.36,3.15,1.73,4.89,57.29,Zeki Yavru,zeki-yavru,Yılport Samsunspor,
2.07,0.41,0.83,24.44,81.1,0.1,10.0,0.41,66.67,1.97,5.8,1.04,6.84,50.77,Thuram,thuram,Pendikspor,
1.73,2.35,3.32,49.74,84.95,0.0,0.0,4.25,56.14,0.18,2.79,2.66,5.45,61.19,Alexander Djiku,alexander-djiku,Fenerbahçe,
0.98,0.21,0.24,21.23,86.28,0.15,18.52,0.15,41.67,2.07,3.67,0.68,4.35,48.04,Oluwafisayo Dele-Bashiru,dele-bashiru-oluwafisayo,Hatayspor,
1.23,0.99,1.14,27.97,73.62,0.72,22.86,1.35,38.46,0.93,3.09,1.92,5.01,53.02,Mortadha Ben Ouanes,mortadha-ben-ouanes,Kasımpaşa,
2.25,0.65,1.19,37.04,80.37,0.9,26.51,4.67,60.96,0.49,3.93,1.15,5.08,54.39,Pedrinho,pedrinho,MKE Ankaragücü,
2.12,0.88,1.34,28.61,87.38,0.21,40.0,0.67,52.0,1.34,5.06,0.67,5.73,58.12,Bright Osayi-Samuel,bright-osayi-samuel,Fenerbahçe,
2.32,1.25,1.98,34.79,81.38,0.82,35.42,1.83,50.0,0.68,4.1,0.77,4.87,56.11,Bünyamin Balcı,bunyamin-balci,,Antalyaspor
0.64,0.48,0.16,31.38,86.56,0.24,15.79,0.64,66.67,1.6,3.51,0.48,3.99,42.74,Nicolas Pépé,nicolas-pepe,,Trabzonspor
1.56,0.37,0.28,14.8,77.4,1.29,32.56,0.55,66.67,1.93,4.96,0.28,5.24,51.82,Modou Barrow,modou-barrow,,Sivasspor
1.85,1.19,3.89,47.8,87.14,0.0,0.0,4.09,59.05,0.26,2.77,1.12,3.89,54.13,Ibrahim Drešević,ibrahim-dresevic,,Fatih Karagümrük
2.12,0.66,1.41,37.85,80.41,0.35,19.51,4.37,65.13,0.79,3.57,2.03,5.6,45.85,Ali Karimi,ali-karimi,,Kayserispor
1.11,1.83,4.57,30.93,85.21,0.0,0.0,2.03,47.66,0.24,1.83,2.66,4.49,63.13,Caner Osmanpaşa,caner-osmanpasa,,Sivasspor
1.93,1.74,3.54,46.83,83.13,0.0,0.0,3.66,43.07,0.93,3.29,2.61,5.9,62.91,Francisco Calvo,francisco-calvo,,Konyaspor
2.02,0.54,0.45,19.87,75.33,0.67,18.1,0.74,41.07,1.83,4.78,0.99,5.77,45.34,Halil Akbunar,halil-akbunar,,Pendikspor
2.2,0.5,0.87,31.08,79.83,0.93,22.58,2.6,46.71,1.16,4.69,0.43,5.12,44.38,Florian Loshaj,florian-loshaj,,İstanbulspor
1.63,1.81,1.63,28.37,77.82,0.06,6.45,2.37,46.39,0.18,3.26,2.15,5.41,62.63,Gökhan Gül,gokhan-gul,,Kasımpaşa
1.31,0.26,0.72,14.55,60.11,0.0,0.0,0.2,23.08,0.52,4.11,5.22,9.33,52.96,Enis Destan,enis-destan,,Trabzonspor
1.09,1.33,0.35,26.5,77.78,1.05,35.71,0.74,58.33,1.82,3.71,0.18,3.89,40.96,Sam Larsson,sam-larsson,,Antalyaspor
2.14,0.77,0.51,29.06,83.91,0.6,26.92,0.26,30.0,1.11,4.11,1.11,5.23,47.29,Abdülkadir Ömür,abdulkadir-omur,,Trabzonspor
0.81,1.0,0.09,38.57,86.76,0.45,20.0,4.35,78.69,2.17,3.53,0.27,3.8,45.16,Alex Oxlade-Chamberlain,alex-oxlade-chamberlain,,Beşiktaş
2.71,1.6,2.22,33.37,79.7,0.62,24.56,3.34,57.25,0.62,5.56,1.51,7.07,59.77,Ahmet Oğuz,ahmet-oguz,,Konyaspor
1.75,1.11,3.32,47.92,86.92,0.19,50.0,2.48,43.33,0.27,3.13,2.37,5.49,62.34,Necip Uysal,necip-uysal,,Beşiktaş
0.83,0.14,1.1,19.9,76.05,0.07,16.67,0.96,63.64,1.24,4.34,2.89,7.23,54.97,Bengali-Fodé Koita,bengali-fode-koita,,Sivasspor
1.97,0.78,0.54,23.51,79.28,1.13,24.68,1.55,65.0,1.61,4.89,0.72,5.61,44.55,Ryan Mendes,ryan-mendes,,Fatih Karagümrük
0.95,0.24,0.71,25.0,79.55,0.0,0.0,0.24,33.33,2.14,6.43,2.86,9.29,52.7,Joshua King,joshua-king,,Fenerbahçe
1.2,0.76,1.39,25.73,73.91,2.02,24.62,1.7,36.99,0.32,2.14,2.52,4.67,60.16,Faouzi Ghoulam,faouzi-ghoulam,,Hatayspor
0.9,0.08,0.55,12.22,70.27,0.0,0.0,0.43,52.38,0.98,2.9,1.76,4.66,34.29,Sokol Cikalleshi,sokol-cikalleshi,Konyaspor,
1.69,1.02,4.82,46.54,87.03,0.0,0.0,2.35,43.82,0.3,3.26,3.8,7.05,71.78,Bahadır Öztürk,bahadir-ozturk,Antalyaspor,
1.39,0.84,1.98,37.16,80.88,0.97,21.1,5.93,59.24,0.29,2.48,0.76,3.24,52.74,Jure Balkovec,jure-balkovec,Alanyaspor,
0.69,0.57,0.66,10.97,65.78,0.35,22.92,0.09,10.34,0.85,2.74,1.07,3.82,43.53,Mamadou Fall,mamadou-fall,Kasımpaşa,
1.08,2.18,5.03,30.92,73.84,0.15,33.33,3.86,35.93,0.15,1.5,2.33,3.83,65.31,Papy Djilobodji,papy-djilobodji,Gaziantep FK,
1.68,1.01,4.69,33.32,83.45,0.05,100.0,3.93,54.3,0.29,2.01,1.58,3.59,61.48,Samba Camara,samba-camara,Sivasspor,
1.08,0.57,1.13,27.6,79.2,0.67,23.21,2.67,59.09,1.13,3.39,1.03,4.42,50.29,Olivier Kemen,olivier-kemen,Başakşehir FK,
1.38,1.56,4.28,35.64,77.59,0.0,0.0,3.98,42.01,0.17,1.64,2.42,4.07,61.44,Kenneth Omeruo,kenneth-omeruo,Kasımpaşa,
0.84,1.15,3.97,66.03,87.64,0.15,50.0,3.74,45.79,0.23,1.6,2.37,3.97,54.17,Nuno Lima,nuno-lima,Alanyaspor,
1.94,1.56,1.03,25.62,78.86,0.44,17.86,1.2,42.27,1.2,5.34,0.65,5.99,54.84,Mustafa Eskihellaç,mustafa-eskihellac,Gaziantep FK,
2.15,1.55,4.09,47.26,84.96,0.09,42.86,3.44,42.28,0.12,3.11,1.91,5.02,55.81,Veysel Sarı,veysel-sari,Antalyaspor,
0.63,0.09,0.73,14.59,75.23,0.0,0.0,0.82,75.0,0.27,1.18,1.27,2.45,35.06,Ahmed Hassan,ahmed-hassan,Alanyaspor,
1.34,0.67,0.92,22.71,73.91,1.42,30.91,1.84,44.0,0.75,3.09,0.33,3.42,37.96,Deian Sorescu,deian-sorescu,Gaziantep FK,
2.13,0.93,0.98,37.17,85.83,0.22,50.0,2.49,62.92,1.42,4.36,0.58,4.94,54.95,Arnaud Lusamba,arnaud-lusamba,Pendikspor,
1.67,0.85,1.4,40.07,81.71,0.54,26.42,2.83,46.2,0.43,2.91,0.47,3.38,53.37,Florent Hadergjonaj,florent-hadergjonaj,Alanyaspor,
3.14,1.71,2.05,22.67,76.67,0.0,0.0,1.5,38.6,0.34,4.37,1.71,6.08,54.94,Júnior Morais,junior-morais,Gaziantep FK,
2.16,1.71,3.6,28.97,78.26,0.03,10.0,2.16,37.5,0.21,3.36,1.92,5.27,62.35,Uğurcan Yazğılı,ugurcan-yazgili,Konyaspor,
0.88,0.11,0.22,22.86,82.14,0.33,20.0,0.66,75.0,1.1,4.09,0.55,4.64,45.65,Garry Rodrigues,garry-rodrigues,MKE Ankaragücü,
1.96,1.65,2.2,37.39,79.42,0.04,14.29,3.49,51.45,0.27,3.14,2.55,5.69,57.31,Chandrel Massanga,chandrel-massanga,Hatayspor,
2.0,1.0,1.25,36.21,83.49,0.5,19.61,1.05,41.18,2.7,6.06,1.05,7.11,54.62,Loide Augusto,loide-augusto,Alanyaspor,
1.34,1.09,3.37,48.35,87.37,0.0,0.0,3.32,45.27,0.2,2.13,1.29,3.42,56.56,Ömer Toprak,omer-toprak,,Antalyaspor
0.98,1.3,3.98,47.31,88.75,0.0,0.0,3.19,52.69,0.2,1.63,2.09,3.71,55.34,Nikola Maksimović,nikola-maksimovic,,Hatayspor
1.16,1.4,3.81,36.95,79.13,0.05,33.33,3.09,35.36,0.14,2.85,2.46,5.31,62.86,Alpaslan Öztürk,alpaslan-ozturk,,Pendikspor
1.74,0.7,1.26,20.36,69.62,0.85,26.74,1.33,39.56,0.93,3.18,1.41,4.59,47.69,Rigoberto Rivas,rigoberto-rivas,,Hatayspor
1.61,0.46,0.31,42.28,83.11,2.15,33.33,2.76,64.29,1.38,4.37,0.61,4.99,40.12,Rachid Ghezzal,rachid-ghezzal,,Beşiktaş
1.19,0.82,1.19,29.46,81.35,0.26,20.0,1.19,49.23,0.48,3.15,1.0,4.15,48.91,Marcus Rohdén,marcus-rohden,,Fatih Karagümrük
1.82,1.58,1.34,34.8,79.42,0.55,20.0,1.58,46.51,0.71,3.48,1.11,4.59,50.88,Mert Müldür,mert-muldur,,Fenerbahçe
0.63,0.34,0.46,19.0,71.82,0.25,20.0,0.76,50.0,1.64,3.83,1.05,4.89,39.59,Güven Yalçın,guven-yalcin,,Fatih Karagümrük
1.31,0.61,0.42,34.87,79.13,0.7,25.42,1.87,57.14,1.73,4.25,0.51,4.76,43.4,Fredrik Midtsjø,fredrik-midtsjo,,Pendikspor
1.82,1.39,1.28,50.99,81.82,0.43,40.0,3.1,44.62,0.43,2.67,0.96,3.63,51.52,Berkan Kutlu,berkan-kutlu,,Galatasaray
2.6,0.33,0.74,28.44,79.79,0.37,38.46,2.04,56.7,1.0,5.98,0.41,6.39,57.91,Charis Charisis,charis-charisis,,Sivasspor
1.87,0.88,0.31,37.73,90.09,0.05,12.5,1.04,68.97,1.14,5.71,0.57,6.28,56.28,Édouard Michut,edouard-michut,,Adana Demirspor
1.13,0.58,1.36,36.86,81.51,0.89,24.73,3.42,48.89,0.93,3.23,0.54,3.77,54.19,Léo Dubois,leo-dubois,,Başakşehir FK
2.2,0.52,0.68,21.89,77.05,0.55,22.37,0.48,30.0,0.45,3.46,1.0,4.46,39.88,Carlo Holse,carlo-holse,,Yılport Samsunspor
2.37,1.24,1.99,34.0,78.66,0.58,23.26,1.97,35.42,1.07,4.19,0.75,4.94,56.25,Münir Levent Mercan,munir-levent-mercan,,Fatih Karagümrük
1.0,0.52,0.91,29.67,82.51,0.91,25.61,3.17,60.33,1.08,3.08,0.56,3.64,46.41,João Novais,joao-novais,,Alanyaspor
1.81,0.6,0.93,19.04,73.67,0.11,9.09,0.82,53.57,1.92,5.21,3.46,8.67,53.92,Jackson Muleka,jackson-muleka,,Beşiktaş
1.51,1.12,5.02,27.81,78.69,0.0,0.0,2.01,34.21,0.0,2.24,2.39,4.64,58.54,Arda Kızıldağ,arda-kizildag,,Gaziantep FK
1.79,0.89,1.23,26.24,79.92,0.55,30.23,1.45,53.13,0.77,3.06,0.55,3.62,52.15,Gökcan Kaya,gokcan-kaya,,Pendikspor
2.14,1.04,5.08,27.73,80.32,0.0,0.0,2.02,39.29,0.24,2.76,2.02,4.78,58.21,Ertuğrul Ersoy,ertugrul-ersoy,,Gaziantep FK
1.12,0.31,0.06,20.55,75.86,1.0,25.81,2.24,66.67,1.56,5.42,0.44,5.85,51.37,Emrah Başsan,emrah-bassan,,Sivasspor
0.8,0.72,2.24,52.41,91.09,0.0,0.0,2.48,50.82,0.16,1.92,2.32,4.25,66.25,Rodrigo Becão,rodrigo-becao,,Fenerbahçe
1.26,0.77,3.93,43.71,87.08,0.0,0.0,3.59,47.89,0.4,2.3,1.81,4.1,59.09,Guy-Marcelin Kilama,guy-marcelin-kilama,,Hatayspor
1.69,0.55,0.34,20.47,74.69,0.93,21.78,1.86,50.0,1.95,5.16,0.13,5.29,44.64,Olimpiu Moruțan,olimpiu-morutan,,MKE Ankaragücü
1.89,1.47,1.89,39.25,82.78,0.95,19.29,1.72,42.24,0.28,2.49,0.6,3.08,46.07,Güray Vural,guray-vural,,Antalyaspor
1.41,1.0,1.47,46.67,86.62,0.64,18.33,5.04,64.18,0.64,2.87,0.82,3.69,43.15,Görkem Sağlam,gorkem-saglam,,Hatayspor
1.73,0.66,1.85,37.24,83.76,1.01,18.68,3.16,61.63,0.54,2.63,1.25,3.88,56.03,Erdem Özgenç,erdem-ozgenc,,Pendikspor
1.23,1.29,4.9,44.0,89.19,0.0,0.0,2.37,49.09,0.09,1.67,2.37,4.05,63.3,Uroš Radaković,uros-radakovic,,MKE Ankaragücü
1.48,1.41,1.3,27.96,76.21,0.76,26.58,2.21,50.83,0.94,3.48,0.76,4.24,49.37,Erdoğan Yeşilyurt,erdogan-yesilyurt,,Antalyaspor
1.47,0.9,3.49,39.31,79.48,0.0,0.0,3.49,41.7,0.15,2.18,2.97,5.15,52.09,Rick Van Drongelen,rick-van-drongelen,,Yılport Samsunspor
2.5,1.0,2.61,30.03,74.84,1.14,23.08,2.64,38.79,0.59,3.9,1.06,4.96,61.23,Nuno Sequeira,nuno-sequeira,,Pendikspor
0.95,0.33,0.21,15.41,71.59,0.41,29.41,1.24,56.6,1.9,3.63,0.45,4.09,45.41,Altin Zeqiri,zeqiri-altin,,Çaykur Rizespor
1.28,0.55,0.27,24.59,78.89,0.87,22.35,1.28,58.33,0.55,2.74,0.78,3.52,44.51,Alexandru Cicâldău,alexandru-cicaldau,,Konyaspor
1.39,0.76,0.76,14.37,67.96,0.13,6.25,0.44,53.85,0.95,3.99,1.39,5.38,41.46,Benhur Keser,benhur-keser,,Çaykur Rizespor
2.09,1.42,1.64,33.66,82.9,0.6,32.0,3.58,57.83,0.52,3.36,0.6,3.96,56.99,Ömer Ali Şahiner,omer-ali-sahiner,,Başakşehir FK
1.15,0.58,1.38,52.26,87.69,0.35,31.03,3.19,64.34,0.27,2.61,1.08,3.69,49.74,Jakub Kałuziński,jakub-kaluzinski,,Antalyaspor
2.37,1.92,3.57,41.81,77.94,0.13,23.08,4.47,42.19,0.18,3.57,2.28,5.85,60.37,Welinton,welinton,,Pendikspor
1.7,1.34,0.58,27.39,83.74,0.45,40.0,1.88,59.15,0.85,4.51,1.03,5.54,55.61,Ogün Özçiçek,ogun-ozcicek,,Gaziantep FK
1.14,0.65,0.52,26.5,81.76,0.36,15.28,1.1,47.89,1.23,3.15,0.39,3.54,42.25,Alassane Ndao,ndao-alassane,,Konyaspor
0.66,0.11,0.22,18.04,75.81,0.0,0.0,1.22,61.11,0.66,1.99,1.0,2.99,31.76,Michy Batshuayi,michy-batshuayi,,Fenerbahçe
0.26,0.04,0.82,10.6,55.43,0.04,33.33,0.09,22.22,0.61,1.95,4.5,6.45,37.44,Marius Mouandilmadji,marius-mouandilmadji,,Yılport Samsunspor
1.06,0.53,0.88,20.33,77.7,0.4,29.03,1.68,66.67,0.84,4.2,1.19,5.39,43.73,João Figueiredo,joao-figueiredo,,Başakşehir FK
1.01,0.91,3.8,35.85,81.8,0.0,0.0,3.03,43.15,0.24,1.73,2.11,3.84,53.33,Attila Mocsi,attila-mocsi,,Çaykur Rizespor
1.82,1.43,2.23,27.04,81.88,0.42,25.0,1.67,47.46,0.63,3.63,1.28,4.91,56.31,Eren Elmalı,eren-elmali,,Trabzonspor
1.86,1.66,3.09,29.31,77.99,0.78,25.0,2.54,42.16,0.94,3.32,0.81,4.14,53.81,Muhammet Taha Şahin,muhammet-taha-sahin,,Çaykur Rizespor
0.38,0.87,6.06,29.97,82.54,0.0,0.0,3.36,42.92,0.07,0.62,1.42,2.04,51.3,Aaron Appindangoyé,aaron-appindangoye,,Sivasspor
3.41,1.11,2.57,23.35,73.04,0.14,6.45,1.6,40.35,0.76,5.84,1.95,7.78,66.27,Mehmet Aydın,mehmet-aydin,,Trabzonspor
0.34,0.17,0.77,18.82,74.32,0.0,0.0,0.94,68.75,0.26,2.65,1.37,4.02,44.76,Serdar Dursun,serdar-dursun,,Fenerbahçe
0.59,0.59,0.39,27.43,88.4,0.2,11.54,1.83,75.68,3.53,5.43,0.26,5.69,54.38,Anastasios Chatzigiovanis,anastasios-chatzigiovanis,,MKE Ankaragücü
0.96,1.41,4.69,38.25,83.12,0.12,42.86,2.66,46.38,0.25,1.33,2.37,3.7,55.97,Simon Deli,simon-deli,,İstanbulspor
1.12,0.89,3.84,49.8,87.31,0.06,33.33,2.66,41.47,0.12,2.33,1.42,3.75,57.99,Fidan Aliti,fidan-aliti,,Alanyaspor
3.58,0.66,0.26,20.66,79.19,1.39,48.84,1.06,38.1,1.32,6.62,0.66,7.28,54.46,Gustavo Sauer,gustavo-sauer,,Çaykur Rizespor
1.27,0.53,0.53,34.19,82.23,0.32,23.08,2.48,73.44,0.74,4.33,0.69,5.01,48.97,Flavien Tait,flavien-tait,,Yılport Samsunspor
1.35,1.4,3.97,27.32,75.1,0.0,0.0,3.69,43.65,0.05,1.82,2.48,4.3,60.53,Alim Öztürk,alim-ozturk,,Yılport Samsunspor
0.64,0.05,0.78,12.52,66.42,0.09,15.38,0.46,35.71,0.41,2.25,3.17,5.41,53.15,Cenk Tosun,cenk-tosun,,Beşiktaş
2.16,0.88,0.39,18.23,79.66,0.34,26.92,0.73,65.22,2.4,7.69,0.59,8.28,51.06,Marlos Moreno,marlos-moreno,,Konyaspor
2.6,0.67,2.08,34.2,81.97,0.36,31.82,2.91,47.86,0.42,3.74,0.52,4.26,48.81,Kamil Ahmet Çörekçi,kamil-ahmet-corekci,,Hatayspor
1.96,0.89,2.62,37.45,80.34,0.23,19.23,1.92,33.33,1.03,3.97,1.59,5.56,56.94,Jayden Oosterwolde,jayden-oosterwolde,,Fenerbahçe
1.55,0.46,0.84,26.06,81.09,0.04,4.35,1.69,65.75,1.16,4.99,0.74,5.72,46.84,Dario Šarić,dario-saric,,Antalyaspor
1.51,0.44,1.17,39.13,88.33,0.03,12.5,1.98,57.84,0.97,3.86,0.91,4.77,55.04,Batista Mendy,batista-mendy,,Trabzonspor
0.51,0.45,0.56,12.24,71.62,0.0,0.0,0.56,66.67,1.02,2.48,1.58,4.06,40.0,Adolfo Gaich,adolfo-gaich,,Çaykur Rizespor
1.72,1.61,1.2,47.52,84.29,0.67,26.47,4.6,55.91,0.41,2.91,0.3,3.21,44.56,Kartal Kayra Yılmaz,kartal-kayra-yilmaz,,Kayserispor
1.27,1.04,3.12,44.77,85.15,0.03,25.0,4.49,54.98,0.62,2.67,1.04,3.71,55.07,Andreaw Gravillon,andreaw-gravillon,,Adana Demirspor
0.42,0.21,0.8,11.25,71.58,0.04,33.33,0.42,71.43,0.84,2.32,1.52,3.83,32.5,Ali Sowe,ali-sowe,,MKE Ankaragücü
1.15,0.57,1.02,36.22,89.44,0.06,25.0,1.05,50.77,0.93,2.78,0.61,3.38,49.07,Berkay Özcan,berkay-ozcan,,Başakşehir FK
1.56,0.6,0.36,24.06,81.05,1.2,40.0,1.2,66.67,3.59,8.38,0.0,8.38,53.44,Emre Mor,emre-mor,,Fatih Karagümrük
2.82,1.1,1.48,30.39,83.64,0.34,19.05,2.23,46.9,0.84,4.97,0.63,5.61,56.36,Stelios Kitsiou,stelios-kitsiou,,MKE Ankaragücü
2.1,0.57,1.14,43.47,83.82,1.14,24.0,3.62,59.38,0.0,2.67,2.29,4.96,48.15,Soner Aydoğdu,soner-aydogdu,,Yılport Samsunspor
1.88,0.55,0.88,24.49,86.05,0.11,8.33,0.44,57.14,0.33,4.41,0.77,5.18,43.93,Mehdi Abeid,mehdi-abeid,,Başakşehir FK
2.98,2.1,1.56,32.12,86.18,0.0,0.0,3.52,82.54,0.68,4.61,1.36,5.96,48.35,Yunus Konak,yunus-konak,,Sivasspor
2.7,2.36,1.45,24.53,74.21,0.55,27.59,1.11,35.56,0.62,4.5,1.04,5.54,55.94,Nazım Sangaré,nazim-sangare,,Fatih Karagümrük
1.49,0.72,0.83,11.4,73.05,0.11,4.35,0.33,28.57,2.27,5.2,0.77,5.98,46.96,Renaldo Cephas,renaldo-cephas,,MKE Ankaragücü
1.2,0.28,0.46,25.48,78.41,0.92,28.57,1.2,72.22,1.2,3.97,1.38,5.35,40.28,Nani,nani,,Adana Demirspor
1.04,0.52,0.23,22.89,78.3,0.63,30.56,0.92,53.33,1.38,3.06,0.23,3.29,43.51,Lazar Marković,lazar-markovic,,Gaziantep FK
0.71,0.48,0.63,15.41,72.98,0.87,26.83,0.36,42.86,1.11,2.81,0.48,3.29,39.52,Can Keleş,can-keles,,Fatih Karagümrük
1.27,0.51,0.17,21.57,75.15,0.93,36.67,0.68,57.14,3.91,6.37,0.08,6.45,46.06,Moryke Fofana,moryke-fofana,,Yılport Samsunspor
1.8,0.99,0.74,40.57,85.05,0.93,18.07,4.03,59.63,2.05,4.84,1.3,6.14,52.66,Arthur Masuaku,arthur-masuaku,,Beşiktaş
0.97,0.26,0.19,17.96,75.68,1.36,21.65,0.97,55.56,1.3,3.05,0.32,3.37,42.28,Zymer Bytyqi,zymer-bytyqi,,Antalyaspor
1.33,1.05,3.58,26.67,86.63,0.0,0.0,1.05,30.56,0.13,1.87,1.62,3.48,65.48,Nicolas N'Koulou,nicolas-nkoulou,,Gaziantep FK
2.11,0.53,1.06,29.65,81.21,0.84,20.51,1.27,54.55,0.53,5.17,0.42,5.59,52.48,Endri Çekiçi,endri-cekici,,Pendikspor
1.41,0.98,0.86,45.76,85.29,0.49,44.44,4.04,61.11,0.8,2.88,0.43,3.3,45.76,Sofiane Feghouli,sofiane-feghouli,Fatih Karagümrük,
1.27,1.49,3.25,36.41,84.42,0.17,14.29,2.09,44.71,0.22,2.59,2.64,5.23,52.49,Bakhtiyar Zaynutdinov,bakhtiyar-zaynutdinov,Beşiktaş,
2.26,1.23,2.2,22.86,71.77,0.5,16.49,1.95,36.26,1.16,4.53,1.73,6.26,51.29,Cláudio Winck,claudio-winck,Kasımpaşa,
3.01,0.63,1.5,38.37,82.62,0.24,35.29,2.53,52.89,0.63,5.06,1.38,6.45,59.71,Muammer Sarıkaya,muammer-sarikaya,Çaykur Rizespor,
1.75,0.97,1.23,30.17,75.16,0.06,11.11,3.76,52.25,0.91,3.95,0.97,4.92,53.52,Benjamin Stambouli,benjamin-stambouli,Adana Demirspor,
1.64,1.5,3.01,36.73,81.28,0.17,25.0,2.59,44.31,0.31,2.73,1.85,4.58,57.21,Davide Biraschi,davide-biraschi,Fatih Karagümrük,
2.05,1.02,1.26,29.32,83.0,0.09,11.11,2.7,62.37,1.02,3.58,0.84,4.42,45.45,Ali Kaan Güneren,ali-kaan-guneren,MKE Ankaragücü,
1.11,0.69,0.9,20.82,74.35,0.76,17.74,1.21,44.3,0.9,3.5,0.62,4.13,43.27,Yusuf Erdoğan,yusuf-erdogan,Adana Demirspor,
1.66,0.77,0.77,38.52,77.68,0.44,33.33,2.32,70.0,0.89,3.54,1.44,4.98,35.71,Eduart Rroca,eduart-rroca,İstanbulspor,
2.68,1.36,2.02,37.13,81.61,0.05,14.29,3.48,56.06,0.33,3.43,1.13,4.56,48.74,Youssef Aït Bennasser,youssef-ait-bennasser,Yılport Samsunspor,
2.26,0.38,0.28,15.24,77.51,0.19,100.0,0.56,60.0,2.63,6.39,2.26,8.65,46.23,Halil Dervişoğlu,halil-dervisoglu,Hatayspor,
2.05,0.69,2.05,27.45,78.53,0.98,25.76,1.44,40.32,0.61,3.2,0.32,3.52,49.39,Uğur Çiftçi,ugur-ciftci,Sivasspor,
1.28,1.19,6.44,31.13,75.68,0.03,14.29,3.3,38.58,0.35,2.24,1.44,3.69,58.67,Mehmet Yeşil,mehmet-yesil,İstanbulspor,
1.34,0.41,0.41,13.87,69.23,0.17,10.87,0.31,27.27,2.4,4.93,1.2,6.13,43.03,Aylton Boa Morte,aylton-boa-morte,Kayserispor,
0.79,0.4,0.55,31.45,81.52,0.63,26.67,1.03,54.17,1.74,3.88,0.71,4.6,40.85,Tetê,tete,Galatasaray,
1.94,0.41,1.23,13.45,69.18,0.18,30.0,0.88,51.72,1.41,5.99,1.53,7.52,52.03,Carlos Eduardo,carlos-eduardo,Alanyaspor,
2.45,1.0,0.84,21.37,79.26,0.23,20.0,1.3,73.91,0.77,4.9,0.31,5.21,50.37,Taxiarchis Fountas,taxiarchis-fountas,Trabzonspor,
1.9,0.87,1.19,24.73,74.35,0.63,20.51,1.34,62.96,0.87,3.87,0.63,4.5,46.34,Carlos Mané,carlos-mane,Kayserispor,
2.06,1.14,2.44,30.28,80.53,0.84,30.56,3.43,51.72,0.23,2.59,0.76,3.36,50.57,Alaaddin Okumuş,alaaddin-okumus,Sivasspor,
0.51,0.13,0.96,12.12,62.3,0.0,0.0,0.45,58.33,0.89,2.87,2.74,5.61,38.43,Renat Dadaşov,renat-dadasov,Hatayspor,
1.77,0.84,1.99,25.25,77.55,1.37,25.62,1.55,36.46,0.31,2.57,0.27,2.83,42.38,Casper Højer,casper-hojer,Çaykur Rizespor,
0.63,0.12,1.03,11.2,66.9,0.08,33.33,0.28,33.33,0.55,2.18,1.98,4.16,40.86,Carlos Strandberg,carlos-strandberg,Hatayspor,
1.56,1.61,1.66,25.56,79.01,0.05,25.0,1.45,40.0,0.16,2.59,1.97,4.56,61.54,Marko Jevtović,marko-jevtovic,Gaziantep FK,
0.98,1.35,3.51,32.0,77.88,0.04,50.0,2.73,39.18,0.29,1.59,2.4,3.99,54.75,Ľubomír Šatka,ubomir-satka,Yılport Samsunspor,
0.88,0.09,1.14,11.38,68.42,0.18,66.67,0.18,40.0,0.79,3.15,2.98,6.13,46.98,Sergio Córdova,sergio-cordova,Alanyaspor,
2.85,1.24,2.2,26.77,74.16,0.74,28.92,1.95,41.45,1.08,4.68,1.67,6.35,48.12,Gökhan Sazdağı,gokhan-sazdagi,Kayserispor,
0.58,0.67,4.18,50.14,90.5,0.0,0.0,2.09,62.5,0.17,1.34,1.84,3.18,64.41,Daniel Amartey,daniel-amartey,Beşiktaş,
1.67,1.15,4.76,54.21,87.05,0.04,50.0,3.7,44.44,0.0,2.12,1.63,3.75,54.49,Furkan Bayır,furkan-bayir,Alanyaspor,
1.46,0.99,2.22,39.19,76.85,0.8,34.69,2.5,32.52,0.38,2.64,1.56,4.2,52.66,Lucas Lima,lucas-lima,Başakşehir FK,
3.12,1.83,1.08,25.6,80.08,0.0,0.0,1.49,44.0,1.29,6.3,1.35,7.65,54.85,Erdal Rakip,erdal-rakip,Antalyaspor,
3.35,1.44,2.23,28.4,82.79,0.0,0.0,2.71,58.62,0.8,5.11,1.91,7.02,54.32,Hakan Arslan,hakan-arslan,Sivasspor,
1.85,0.65,1.52,24.16,79.38,0.44,22.22,1.2,37.93,0.29,3.01,0.44,3.45,43.78,Yusuf Özdemir,yusuf-ozdemir,Alanyaspor,
0.94,1.51,2.41,38.1,80.96,0.2,17.86,2.86,53.03,0.33,2.05,1.6,3.64,54.94,Lionel Carole,lionel-carole,Kayserispor,
0.08,0.08,0.42,13.49,72.0,0.08,33.33,0.5,100.0,0.92,2.25,2.16,4.41,41.09,Vincent Aboubakar,vincent-aboubakar,Beşiktaş,
0.61,0.37,0.33,19.1,77.9,0.19,20.0,0.79,50.0,1.31,3.41,0.75,4.16,37.55,Dal Varešanović,dal-varesanovic,Çaykur Rizespor,
0.92,0.61,0.46,27.78,81.57,0.46,46.15,1.22,47.06,0.54,2.14,1.07,3.21,40.78,Danijel Aleksić,danijel-aleksic,Başakşehir FK,
2.07,1.34,3.16,36.61,78.6,0.12,17.39,2.37,35.62,0.3,2.83,2.04,4.86,53.69,Yasin Özcan,yasin-ozcan,Kasımpaşa,
0.53,0.79,0.53,20.76,76.7,0.66,13.89,2.76,75.0,0.92,1.71,0.13,1.84,45.16,Robert Murić,robert-muric,Konyaspor,
0.4,0.0,0.4,17.06,69.78,0.13,33.33,0.27,28.57,0.47,2.49,4.1,6.58,49.49,Mehmet Umut Nayir,mehmet-umut-nayir,Pendikspor,
1.16,0.7,0.23,14.61,60.58,0.93,20.0,0.46,33.33,2.09,4.18,1.39,5.57,48.98,Leandro Kappel,leandro-kappel,Pendikspor,
2.08,1.04,0.69,51.66,83.21,0.58,41.67,2.78,45.28,0.46,4.29,0.23,4.52,53.42,Andrea Bertolacci,andrea-bertolacci,Fatih Karagümrük,
1.83,0.76,0.76,25.2,76.58,0.1,13.33,1.98,59.09,0.86,3.75,0.96,4.72,45.37,Taylan Antalyalı,taylan-antalyali,Yılport Samsunspor,
1.2,0.56,0.65,19.05,79.65,0.19,10.53,0.65,60.87,1.99,5.01,1.48,6.49,43.21,Babajide David Akintola,babajide-david-akintola,Çaykur Rizespor,
2.73,1.17,0.89,22.18,69.46,0.11,22.22,1.45,39.39,0.67,5.29,0.78,6.07,46.98,Furkan Soyalp,furkan-soyalp,Gaziantep FK,
0.91,0.69,0.0,23.07,67.33,1.6,30.43,1.14,55.56,1.37,3.65,1.14,4.8,30.43,Ante Rebić,ante-rebic,Beşiktaş,
1.97,0.75,4.87,53.57,86.4,0.0,0.0,4.78,55.43,0.28,2.53,1.59,4.12,54.32,Fatih Aksoy,fatih-aksoy,Alanyaspor,
1.55,0.82,0.49,28.05,78.4,0.49,26.67,2.09,62.96,1.84,5.07,0.65,5.72,41.92,Jackson,jackson,İstanbulspor,
1.94,0.45,1.45,39.59,86.59,0.0,0.0,2.24,59.21,0.5,3.59,1.6,5.19,52.26,Leroy Fer,leroy-fer,Alanyaspor,
1.29,1.15,2.59,45.76,86.05,0.06,28.57,2.47,39.46,0.17,2.05,1.21,3.26,51.56,Nihad Mujakić,nihad-mujakic,MKE Ankaragücü,
1.41,1.15,1.21,31.8,81.85,0.06,11.11,2.39,51.55,0.35,3.14,0.83,3.97,48.94,Soner Dikmen,soner-dikmen,Konyaspor,
2.1,1.49,2.7,21.64,65.91,0.47,17.86,2.98,33.68,0.23,2.94,1.63,4.57,51.58,Soner Gönül,soner-gonul,Yılport Samsunspor,
1.15,1.41,3.71,50.11,86.73,0.0,0.0,3.32,50.0,0.0,2.68,4.6,7.29,57.58,Murat Akça,murat-akca,Pendikspor,
1.78,0.65,1.21,19.42,75.95,0.57,28.0,0.16,25.0,0.65,4.13,1.54,5.67,46.05,Iron Gomis,iron-gomis,Kasımpaşa,
1.31,0.52,0.39,37.39,89.62,0.52,19.05,1.18,81.82,2.62,6.56,0.39,6.95,58.24,Pione Sisto,pione-sisto,Alanyaspor,
1.19,0.88,1.5,30.94,82.96,0.62,24.56,1.94,50.57,0.44,2.07,1.06,3.13,45.81,Onur Bulut,onur-bulut,Beşiktaş,
2.22,1.69,1.99,41.47,87.97,0.0,0.0,1.99,56.52,0.23,3.37,1.23,4.6,49.18,Dimitrios Kourbelis,dimitrios-kourbelis,Fatih Karagümrük,
1.01,0.57,0.38,17.01,83.28,0.82,16.25,0.7,61.11,1.08,4.81,0.19,5.0,47.59,Joelson Fernandes,joelson-fernandes,Hatayspor,
1.12,0.28,0.93,12.92,57.92,0.09,50.0,0.28,50.0,0.74,2.98,6.42,9.39,45.5,Ercan Kara,ercan-kara,Yılport Samsunspor,
0.84,0.33,0.09,14.63,71.56,0.75,31.37,0.61,48.15,1.27,3.61,0.52,4.13,38.94,Valon Ethemi,valon-ethemi,Konyaspor,
1.04,1.32,4.36,26.74,81.95,0.0,0.0,1.59,43.4,0.0,2.22,1.8,4.02,65.91,Sadık Çiftpınar,sadik-ciftpinar,Kasımpaşa,
0.61,0.26,0.96,25.43,78.86,0.96,39.29,0.7,38.1,1.49,3.76,1.05,4.81,51.4,Serdar Gürler,serdar-gurler,,Başakşehir FK
0.63,0.34,0.05,32.16,80.12,0.34,19.44,1.44,48.39,1.11,2.4,1.2,3.61,37.88,Olivier Ntcham,olivier-ntcham,,Yılport Samsunspor
1.77,0.88,0.83,23.58,75.67,0.31,25.0,1.4,51.92,0.21,4.67,1.56,6.23,52.17,Oğulcan Ülgün,ogulcan-ulgun,,Konyaspor
1.09,1.29,4.95,39.98,84.14,0.07,50.0,1.76,33.33,0.07,1.7,4.14,5.84,62.32,Husniddin Alikulov,alikulov-husniddin,,Çaykur Rizespor
1.75,1.66,2.66,25.62,73.16,0.5,18.18,1.66,33.33,1.08,3.49,0.58,4.08,58.33,Marc Bola,marc-bola,,Yılport Samsunspor
2.56,1.41,1.28,54.36,89.45,0.0,0.0,1.79,63.64,0.77,3.97,2.95,6.92,49.54,Demir Ege Tıknaz,demir-ege-tiknaz,,Beşiktaş
2.45,1.96,2.35,43.83,87.5,0.1,33.33,2.54,57.78,0.1,3.03,1.37,4.4,52.94,Onur Ergün,onur-ergun,,Başakşehir FK
0.91,0.54,4.02,46.02,88.87,0.04,33.33,3.07,56.49,0.08,1.49,1.12,2.61,49.61,Joseph Attamah,joseph-attamah,,Kayserispor
2.38,1.09,0.89,17.66,67.68,0.5,18.52,0.69,50.0,1.89,5.66,2.48,8.14,50.93,Oğulcan Çağlayan,ogulcan-caglayan,,Kasımpaşa
1.18,1.44,0.26,35.4,84.69,0.65,33.33,3.0,54.76,0.13,2.74,0.39,3.13,43.64,Tayfun Aydoğan,tayfun-aydogan,,Adana Demirspor
0.92,1.03,2.41,25.83,74.75,0.92,32.0,1.84,41.03,0.46,1.95,2.18,4.13,52.17,Kingsley Schindler,kingsley-schindler,,Yılport Samsunspor
0.98,0.86,1.28,35.28,83.02,0.73,35.29,1.47,32.43,0.43,1.9,0.79,2.69,51.16,Matěj Hanousek,matej-hanousek,,MKE Ankaragücü
1.06,0.28,0.45,20.62,81.06,0.45,26.67,1.01,64.29,1.34,3.53,0.73,4.26,39.38,Louka Prip,prip-louka,,Konyaspor
2.4,0.87,2.2,37.59,83.66,0.33,25.0,1.6,39.34,0.93,4.47,1.07,5.54,55.7,Cemali Sertel,sertel-cemali,,Hatayspor
3.24,0.65,0.52,23.05,75.26,0.45,21.21,0.97,37.5,2.07,6.47,0.26,6.73,48.37,Ömer Faruk Beyaz,omer-faruk-beyaz,,Hatayspor
0.86,0.96,1.82,33.91,81.71,0.29,15.79,2.31,50.0,0.1,1.25,1.73,2.98,62.0,Jens Stryger Larsen,jens-stryger-larsen,,Trabzonspor
0.46,0.0,0.57,18.34,82.9,0.11,12.5,0.34,60.0,0.92,2.75,2.41,5.16,42.45,Stéphane Bahoken,stephane-bahoken,,Kayserispor
0.91,1.24,3.72,41.44,89.12,0.0,0.0,1.81,46.34,0.05,1.58,1.96,3.53,61.67,Rayyan Baniya,rayyan-baniya,,Trabzonspor
2.16,0.47,0.63,18.77,72.27,1.0,25.68,0.95,40.91,1.05,4.94,0.74,5.68,43.2,Max Gradel,max-gradel,,Gaziantep FK
1.12,0.75,4.23,53.53,89.77,0.0,0.0,3.61,60.42,0.0,1.49,3.24,4.73,59.38,Seyfettin Anil Yasar,seyfettin-anil-yasar,,Çaykur Rizespor
1.0,0.31,0.42,20.24,79.92,0.0,0.0,0.73,63.64,1.1,3.78,1.05,4.83,39.83,Emir Kaan Gültekin,emir-kaan-gultekin,,İstanbulspor
1.41,0.82,0.71,44.47,85.33,0.82,30.43,5.65,67.61,0.24,2.0,0.47,2.47,37.5,Bartuğ Elmaz,bartug-elmaz,,Sivasspor
1.34,0.35,4.16,35.94,78.46,0.0,0.0,3.59,42.5,0.14,2.54,2.82,5.36,53.9,Salih Dursun,salih-dursun,,Fatih Karagümrük
1.31,0.4,0.81,16.61,77.83,0.0,0.0,0.4,44.44,1.21,4.03,1.71,5.74,46.72,Yusuf Barasi,yusuf-barasi,,Adana Demirspor
2.53,1.65,3.55,31.1,77.57,0.06,14.29,2.98,43.12,0.13,4.24,1.39,5.64,54.6,Atakan Çankaya,atakan-cankaya,,MKE Ankaragücü
1.5,0.81,0.4,24.97,76.54,0.35,13.04,0.75,37.14,1.9,4.6,1.04,5.64,50.52,David Sambissa,david-sambissa,,İstanbulspor
1.31,0.31,0.47,12.38,72.62,0.16,17.65,0.47,56.25,0.79,3.67,1.57,5.24,41.84,Martin Minchev,minchev-martin,,Çaykur Rizespor
0.53,0.3,1.05,13.51,68.18,0.23,21.43,0.83,68.75,0.75,1.95,2.33,4.28,37.75,Kevin Lasagna,kevin-lasagna,,Fatih Karagümrük
1.39,0.62,0.77,30.65,79.05,0.82,30.77,1.75,59.65,0.62,3.24,0.41,3.65,40.57,Ramazan Civelek,ramazan-civelek,,Kayserispor
1.55,1.46,1.98,18.19,76.44,0.19,11.76,0.71,27.78,0.52,2.78,0.71,3.49,52.11,Salem M'Bakata,salem-mbakata,,Gaziantep FK
1.67,1.11,3.58,42.73,84.57,0.0,0.0,2.71,43.59,0.16,2.31,1.75,4.06,54.84,Burak Bekaroğlu,burak-bekaroglu,,Hatayspor
2.39,1.66,1.1,44.36,88.93,0.0,0.0,0.18,16.67,0.92,5.89,1.66,7.55,53.25,Tanguy Ndombélé,tanguy-ndombele,,Galatasaray
0.83,1.55,4.34,45.26,87.25,0.0,0.0,2.43,44.34,0.31,1.5,2.07,3.56,46.94,Arif Kocaman,kocaman-arif,,Kayserispor
0.7,0.06,0.38,11.82,72.83,0.0,0.0,0.26,66.67,1.02,3.07,2.56,5.62,42.93,Erencan Yardımcı,erencan-yardimci,,Pendikspor
0.52,0.0,0.87,12.81,65.49,0.0,0.0,0.17,33.33,0.0,2.25,3.29,5.54,38.1,Federico Macheda,federico-macheda,,MKE Ankaragücü
1.96,1.26,0.98,23.09,78.95,0.14,100.0,2.52,64.29,0.42,2.8,1.26,4.06,50.0,Mehdi Boudjemaa,mehdi-boudjemaa,,Hatayspor
1.33,1.02,3.88,42.6,87.79,0.0,0.0,2.35,47.92,0.31,1.94,0.92,2.86,45.16,Mert Çetin,mert-cetin,,MKE Ankaragücü
1.79,0.77,1.88,23.18,80.47,0.26,27.27,0.94,44.0,1.11,4.77,0.85,5.63,42.86,Emirhan İlkhan,emirhan-ilkhan,,Başakşehir FK
1.41,1.06,2.77,18.66,75.48,0.41,33.33,1.0,40.48,0.82,3.3,0.82,4.12,52.24,Murat Paluli,murat-paluli,,Sivasspor
1.67,0.65,1.29,36.58,83.54,0.16,12.0,3.5,58.56,0.75,3.66,0.7,4.36,47.09,İbrahim Akdağ,ibrahim-akdag,,Sivasspor
