Gol,Başarılı Top Sürme,Başarılı Top Sürme %,Toplam Şut,İsabetli Şut,Yaratılan Büyük Şans,İsabetli Pas,İsabetli Pas %,Kilit Pas,İsabetli Orta,İsabetli Uzun Top,Top Çalma,Pas Arası,Zeminde Kazanılan İkili Mücadele,Kazanılan Hava Topu Mücadelesi,Kazanılan Toplam İkili Mücadele %,Kendisine Yapılan Faul,player.name,player.slug,team.name,team.shortName
1.33,0.66,50.0,5.42,2.99,0.11,18.04,75.81,1.11,0.0,1.22,0.66,0.11,1.99,1.0,31.76,0.66,Michy Batshuayi,michy-batshuayi,Fenerbahçe,
0.88,0.69,57.89,3.57,1.44,0.13,12.58,67.0,0.81,0.06,0.88,0.38,0.06,2.94,6.01,47.83,2.0,Paul Onuachu,paul-onuachu,Trabzonspor,
0.79,0.22,43.75,3.5,1.54,0.32,11.75,75.05,1.54,0.0,0.47,0.19,0.09,1.2,1.86,49.49,0.82,Mauro Icardi,mauro-icardi,Galatasaray,
0.77,0.77,37.5,3.7,1.63,0.34,23.4,73.91,1.81,1.29,1.2,0.95,0.43,2.67,0.43,38.71,0.95,Cengiz Ünder,cengiz-under,Fenerbahçe,
0.73,0.54,46.15,2.72,1.36,0.0,10.79,79.87,0.82,0.18,0.36,0.27,0.0,1.72,1.27,35.48,0.91,M'Baye Niang,mbaye-niang,Adana Demirspor,
0.69,0.72,38.6,4.83,2.1,0.33,19.34,69.79,1.21,0.13,1.21,0.62,0.1,2.43,2.59,45.54,1.12,Edin Džeko,edin-dzeko,Fenerbahçe,
0.67,0.77,47.06,4.89,1.63,0.48,14.78,62.35,1.54,0.29,2.3,0.38,0.38,3.26,1.25,45.19,2.11,Mario Balotelli,mario-balotelli,Adana Demirspor,
0.67,0.74,42.55,3.86,1.49,0.22,13.71,74.7,0.63,0.0,0.67,0.48,0.07,4.35,2.3,46.37,3.23,Rey Manaj,rey-manaj,Sivasspor,
0.59,0.52,40.0,2.74,1.5,0.0,14.55,59.95,1.04,0.0,0.2,1.31,0.26,4.11,5.22,52.96,2.41,Enis Destan,enis-destan,Trabzonspor,
0.58,2.12,50.0,3.03,1.27,0.21,11.79,71.61,0.85,0.05,0.58,0.85,0.32,4.78,1.01,37.33,1.86,Semih Kılıçsoy,semih-kilicsoy,Beşiktaş,
0.57,0.57,43.59,3.36,1.47,0.2,12.39,72.23,0.6,0.1,0.37,0.47,0.23,2.23,2.63,42.94,1.3,Krzysztof Piątek,krzysztof-piatek,Başakşehir FK,
0.57,2.7,53.75,3.01,1.19,0.13,26.32,79.36,1.44,0.31,0.63,1.82,0.31,6.97,0.31,54.72,2.45,Wilfried Zaha,wilfried-zaha,Galatasaray,
0.55,1.24,58.06,2.75,1.72,0.21,19.9,76.05,1.38,0.07,0.96,0.83,0.14,4.34,2.89,54.97,2.27,Bengali-Fodé Koita,bengali-fode-koita,Sivasspor,
0.54,0.27,60.0,2.72,0.91,0.18,14.59,75.23,0.54,0.0,0.82,0.63,0.09,1.18,1.27,35.06,0.36,Ahmed Hassan,ahmed-hassan,Alanyaspor,
0.54,1.89,53.85,2.58,0.92,0.19,12.47,64.03,1.0,0.15,0.5,0.88,0.23,4.66,2.58,50.67,1.96,Nuno Da Costa,nuno-da-costa,Kasımpaşa,
0.53,1.6,55.38,1.78,0.93,0.36,30.73,79.82,2.31,1.29,1.95,1.47,0.98,4.88,0.93,49.81,1.95,İrfan Can Kahveci,irfan-can-kahveci,Fenerbahçe,
0.53,1.35,34.85,3.36,1.18,0.47,28.43,83.71,1.71,0.47,0.82,1.0,0.35,4.47,0.29,41.75,2.12,Mahmoud Trézéguet,mahmoud-trezeguet,Trabzonspor,
0.52,0.0,0.0,1.56,0.52,0.0,12.81,65.49,0.69,0.0,0.17,0.52,0.0,2.25,3.29,38.1,1.9,Federico Macheda,federico-macheda,MKE Ankaragücü,
0.51,0.26,37.5,3.34,1.45,0.34,18.82,74.32,1.03,0.0,0.94,0.34,0.17,2.65,1.37,44.76,2.05,Serdar Dursun,serdar-dursun,Fenerbahçe,
0.51,0.51,43.9,2.42,1.02,0.2,18.28,72.95,0.97,0.2,0.57,1.34,0.4,2.68,2.65,44.21,0.83,Mame Thiam,mame-thiam,Pendikspor,
0.5,1.25,42.86,3.59,1.17,0.5,32.67,76.97,2.92,1.84,1.75,1.5,0.17,3.76,0.25,40.0,1.0,Hakim Ziyech,hakim-ziyech,Galatasaray,
0.49,0.83,45.0,2.86,1.2,0.06,12.22,67.86,0.65,0.06,0.28,0.52,0.31,3.45,3.11,44.94,2.22,Adam Buksa,adam-buksa,Antalyaspor,
0.48,2.14,64.29,4.05,1.9,1.19,24.76,79.39,2.62,0.0,0.24,0.95,0.24,6.43,2.86,52.7,3.33,Joshua King,joshua-king,Fenerbahçe,
0.46,2.78,52.8,3.47,1.31,0.33,14.33,66.36,1.24,0.1,0.33,1.77,0.29,5.86,2.19,39.87,1.31,Denis Drăguş,denis-dragus,Gaziantep FK,
0.46,1.03,51.92,2.44,0.8,0.23,12.34,70.9,1.03,0.0,0.42,0.88,0.08,2.93,1.75,34.55,1.07,Sokol Cikalleshi,sokol-cikalleshi,Konyaspor,
0.45,1.88,61.36,2.02,0.87,0.66,29.85,77.23,2.23,0.87,1.36,0.87,0.31,4.07,0.35,43.49,1.32,Oğuz Aydın,oguz-aydin,Alanyaspor,
0.44,1.05,61.29,2.44,1.22,0.11,11.97,71.29,0.61,0.0,0.55,0.55,0.44,2.55,1.55,39.78,0.94,Adolfo Gaich,adolfo-gaich,Çaykur Rizespor,
0.44,1.16,47.76,2.87,1.05,0.51,20.19,66.75,2.65,1.42,1.38,1.02,0.54,3.09,0.69,43.51,0.91,Kerem Aktürkoğlu,kerem-akturkoglu,Galatasaray,
0.43,1.3,58.06,2.17,1.23,0.51,24.29,78.14,1.73,1.08,1.45,1.45,0.87,3.25,0.43,42.86,0.51,Dimitrios Pelkas,dimitrios-pelkas,Başakşehir FK,
0.42,0.74,58.33,1.8,0.85,0.11,8.8,59.71,0.95,0.0,0.64,0.11,0.0,1.8,3.92,43.55,1.17,Riad Bajić,riad-bajic,MKE Ankaragücü,
0.42,0.92,45.83,2.25,0.92,0.08,13.49,72.0,0.58,0.08,0.5,0.08,0.08,2.25,2.16,41.09,1.25,Vincent Aboubakar,vincent-aboubakar,Beşiktaş,
0.4,1.21,57.14,1.91,1.11,0.2,16.61,77.83,1.21,0.0,0.4,1.31,0.4,4.03,1.71,46.72,1.51,Yusuf Barası,yusuf-barasi,Adana Demirspor,
0.4,1.6,50.0,1.92,0.88,0.16,31.46,86.78,1.36,0.24,0.64,0.64,0.48,3.51,0.48,42.37,1.28,Nicolas Pépé,nicolas-pepe,Trabzonspor,
0.4,0.87,36.67,1.34,0.47,0.24,24.73,74.35,1.19,0.63,1.34,1.9,0.87,3.87,0.63,46.34,1.11,Carlos Mané,carlos-mane,Kayserispor,
0.39,0.61,50.0,3.03,1.17,0.04,10.6,55.43,0.43,0.04,0.09,0.26,0.04,1.95,4.5,37.44,1.08,Marius Mouandilmadji,marius-mouandilmadji,Yılport Samsunspor,
0.38,1.02,50.0,2.3,1.09,0.13,11.82,72.83,0.51,0.0,0.26,0.7,0.06,3.07,2.56,42.93,1.34,Erencan Yardımcı,erencan-yardimci,Pendikspor,
0.38,0.89,51.85,1.72,0.96,0.06,12.12,62.3,0.89,0.0,0.45,0.51,0.13,2.87,2.74,38.43,1.47,Renat Dadaşov,renat-dadasov,Hatayspor,
0.38,0.0,0.0,2.1,0.57,0.19,43.47,83.82,1.53,1.14,3.62,2.1,0.57,2.67,2.29,47.27,0.57,Soner Aydoğdu,soner-aydogdu,Yılport Samsunspor,
0.38,1.64,45.35,2.44,0.88,0.08,19.0,71.82,1.18,0.25,0.76,0.63,0.34,3.83,1.05,39.46,1.6,Güven Yalçın,guven-yalcin,Fatih Karagümrük,
0.38,1.3,57.41,2.19,0.67,0.38,33.11,81.81,1.64,0.25,1.3,0.84,0.21,3.11,0.17,48.75,0.97,Efkan Bekiroğlu,efkan-bekiroglu,MKE Ankaragücü,
0.37,1.2,46.43,2.68,1.38,0.18,25.48,78.41,1.57,0.92,1.2,1.2,0.28,3.97,1.38,40.28,1.75,Nani,nani,Adana Demirspor,
0.36,2.17,53.33,2.35,1.0,0.09,38.57,86.76,1.54,0.45,4.35,0.81,0.91,3.53,0.27,45.16,0.54,Alex Oxlade-Chamberlain,alex-oxlade-chamberlain,Beşiktaş,
0.36,0.53,67.86,2.8,1.0,0.14,36.6,82.82,1.11,0.61,2.13,2.02,0.8,3.57,1.33,58.03,1.16,Aytaç Kara,aytac-kara,Kasımpaşa,
0.36,1.38,43.06,2.28,0.71,0.13,19.32,78.16,0.89,0.22,0.85,0.58,0.36,3.48,0.71,37.15,1.56,Dal Varešanović,dal-varesanovic,Çaykur Rizespor,
0.35,0.84,35.19,2.08,0.88,0.27,20.33,77.7,1.41,0.4,1.68,1.06,0.53,4.2,1.19,43.73,2.39,João Figueiredo,joao-figueiredo,Başakşehir FK,
0.34,0.92,61.54,3.9,1.38,0.0,18.34,82.9,0.57,0.11,0.34,0.46,0.0,2.75,2.41,42.45,1.49,Stéphane Bahoken,stephane-bahoken,Kayserispor,
0.33,0.75,36.0,1.59,0.83,0.33,22.71,73.91,1.75,1.42,1.84,1.34,0.67,3.09,0.33,37.96,1.0,Deian Sorescu,deian-sorescu,Gaziantep FK,
0.33,0.33,33.33,1.76,0.66,0.44,24.49,86.05,0.99,0.11,0.44,1.88,0.55,4.41,0.77,43.93,2.21,Mehdi Abeid,mehdi-abeid,Başakşehir FK,
0.33,1.32,43.64,1.6,0.94,0.0,20.34,80.92,0.61,0.44,0.99,1.05,0.28,3.47,0.72,38.97,1.16,Louka Prip,prip-louka,Konyaspor,
0.33,0.54,37.5,3.18,1.27,0.72,27.86,77.23,3.37,2.28,1.52,1.56,0.51,3.26,0.18,39.75,1.16,Dries Mertens,dries-mertens,Galatasaray,
0.33,0.09,100.0,0.6,0.42,0.0,51.44,87.64,0.28,0.0,2.6,1.26,1.53,2.0,2.14,56.33,0.65,Omar Colley,omar-colley,Beşiktaş,
0.32,0.55,34.15,2.53,0.83,0.08,11.2,66.9,0.79,0.08,0.28,0.63,0.12,2.18,1.98,41.02,0.99,Carlos Strandberg,carlos-strandberg,Hatayspor,
0.31,1.97,73.08,2.59,0.93,0.31,24.44,81.1,1.24,0.1,0.41,2.07,0.41,5.8,1.04,50.77,1.76,Thuram,thuram,Pendikspor,
0.31,0.31,27.78,2.69,0.96,0.59,21.7,78.37,2.38,1.54,0.96,2.62,0.52,4.41,0.25,50.67,1.48,Sebastian Szymański,sebastian-szymanski,Fenerbahçe,
0.29,0.87,37.5,2.18,0.87,0.29,38.16,85.06,3.06,1.75,2.04,1.17,0.15,4.51,0.44,51.52,2.48,Mert Hakan Yandaş,mert-hakan-yandas,Fenerbahçe,
0.29,1.11,53.49,2.4,0.72,0.14,32.16,80.02,0.67,0.34,1.44,0.67,0.34,2.45,1.2,38.19,0.67,Olivier Ntcham,olivier-ntcham,Yılport Samsunspor,
0.29,2.47,65.0,2.09,0.67,0.38,22.43,76.38,1.33,1.43,2.47,0.95,0.48,4.94,2.28,47.8,1.62,Didier Lamkel Zé,didier-lamkel-ze,Hatayspor,
0.29,0.91,54.24,1.51,0.8,0.86,27.51,73.95,2.51,1.54,0.6,0.94,0.43,2.99,0.4,42.81,1.14,Dušan Tadić,dusan-tadic,Fenerbahçe,
0.28,0.74,57.14,2.98,1.02,0.0,12.92,57.68,0.65,0.09,0.28,1.12,0.37,2.98,6.42,45.5,1.12,Ercan Kara,ercan-kara,Yılport Samsunspor,
0.28,0.41,47.37,2.52,0.64,0.37,12.57,66.67,0.96,0.09,0.46,0.64,0.05,2.25,3.17,52.91,1.38,Cenk Tosun,cenk-tosun,Beşiktaş,
0.27,2.4,50.36,2.4,0.99,0.17,13.87,69.23,0.99,0.17,0.31,1.34,0.41,4.93,1.2,43.03,1.23,Aylton Boa Morte,aylton-boa-morte,,Kayserispor
0.27,0.55,57.14,2.79,0.82,0.27,41.49,82.97,1.7,0.61,3.41,1.84,0.41,4.02,0.61,52.71,1.7,Anastasios Bakasetas,anastasios-bakasetas,,Trabzonspor
0.27,0.54,47.06,1.88,0.67,0.07,17.13,70.05,0.54,0.13,0.27,0.4,0.0,2.55,4.1,49.5,1.75,Mehmet Umut Nayir,mehmet-umut-nayir,,Pendikspor
0.27,0.4,20.0,1.87,0.67,0.0,14.4,76.06,0.53,0.0,0.13,0.27,0.0,4.13,2.13,37.6,3.47,Landry Dimata,landry-dimata,,Yılport Samsunspor
0.27,1.72,63.41,1.92,0.99,0.4,33.89,82.42,2.19,0.33,2.72,0.53,0.2,4.64,0.46,57.04,2.45,Samu Sáiz,samu-saiz,,Sivasspor
0.26,0.92,63.64,1.18,0.53,0.13,20.76,76.7,1.45,0.66,2.76,0.53,0.79,1.71,0.13,45.16,0.26,Robert Murić,robert-muric,,Konyaspor
0.26,0.79,45.0,1.75,0.7,0.0,11.38,68.42,0.53,0.18,0.18,0.88,0.09,3.15,2.98,46.98,1.49,Sergio Córdova,sergio-cordova,,Alanyaspor
0.26,0.13,25.0,0.91,0.52,0.13,35.53,84.74,1.44,0.65,3.0,1.18,1.57,2.74,0.39,43.64,1.57,Tayfun Aydoğan,tayfun-aydogan,,Adana Demirspor
0.25,0.84,50.0,2.02,0.88,0.17,11.25,71.58,0.72,0.04,0.42,0.42,0.21,2.32,1.52,32.5,1.05,Ali Sowe,ali-sowe,,MKE Ankaragücü
0.25,0.88,48.28,1.55,0.54,0.22,10.97,65.78,1.7,0.35,0.09,0.69,0.57,2.78,1.07,43.73,1.23,Mamadou Fall,mamadou-fall,,Kasımpaşa
0.24,0.77,55.88,2.1,0.69,0.28,47.57,83.24,1.7,1.25,3.15,2.67,0.77,4.41,1.13,47.74,0.97,Kerem Demirbay,kerem-demirbay,,Galatasaray
0.24,1.97,58.04,1.94,0.76,0.15,21.55,77.88,1.18,0.21,1.24,1.91,1.15,6.3,1.15,53.25,2.45,Ibrahim Olawoyin,ibrahim-olawoyin,,Çaykur Rizespor
0.24,0.96,50.0,1.2,0.36,0.3,14.14,67.92,1.32,0.12,0.48,1.32,0.72,3.85,1.38,41.43,1.56,Benhur Keser,benhur-keser,,Çaykur Rizespor
0.24,1.73,50.88,1.97,0.9,0.42,23.51,79.12,1.55,1.07,1.55,1.91,0.84,4.95,0.72,44.81,1.31,Ryan Mendes,ryan-mendes,,Fatih Karagümrük
0.24,2.1,67.62,1.33,0.53,0.12,21.23,86.28,1.18,0.15,0.15,0.98,0.21,3.7,0.68,48.21,0.62,Fisayo Dele-Bashiru,dele-bashiru-oluwafisayo,,Hatayspor
0.23,1.41,58.54,2.0,0.7,0.18,13.45,69.18,0.94,0.18,0.88,1.94,0.41,5.99,1.53,52.03,2.64,Carlos Eduardo,carlos-eduardo,,Alanyaspor
0.23,1.07,72.73,2.15,0.67,0.23,28.36,75.58,1.44,0.54,2.32,2.18,0.81,5.34,1.01,58.7,2.15,Emre Akbaba,emre-akbaba,,Adana Demirspor
0.23,2.09,75.0,2.09,0.7,0.23,14.85,60.95,0.93,0.93,0.46,1.16,0.7,4.18,1.39,48.98,0.93,Leandro Kappel,leandro-kappel,,Pendikspor
0.23,1.19,50.82,2.15,0.77,0.12,31.43,82.05,1.42,0.92,1.61,1.31,0.35,4.04,0.15,46.78,1.54,Enis Bardhi,enis-bardhi,,Trabzonspor
0.22,0.93,42.0,2.47,0.88,0.31,19.88,73.17,1.9,1.5,1.41,1.1,0.27,3.4,0.35,44.27,1.37,Milot Rashica,milot-rashica,,Beşiktaş
0.22,1.1,35.71,2.21,0.88,0.33,22.86,82.14,1.88,0.33,0.66,0.88,0.11,4.09,0.55,45.65,2.1,Garry Rodrigues,garry-rodrigues,MKE Ankaragücü,
0.22,0.57,61.9,1.67,0.48,0.09,56.5,83.73,0.97,0.4,4.83,1.98,1.76,3.38,1.05,47.64,0.83,Tolga Ciğerci,tolga-cigerci,MKE Ankaragücü,
0.22,1.92,62.5,2.91,0.99,0.16,19.04,73.67,1.04,0.11,0.82,1.81,0.6,5.21,3.46,53.92,1.65,Jackson Muleka,jackson-muleka,Beşiktaş,
0.22,1.31,92.31,1.9,0.49,0.27,46.5,87.07,1.79,1.14,3.43,1.63,0.44,3.32,0.22,50.78,0.38,Nicolas Janvier,nicolas-janvier,Alanyaspor,
0.22,1.08,62.5,2.0,0.74,0.3,29.62,82.49,1.43,0.91,3.17,0.95,0.52,3.04,0.56,46.11,1.0,João Novais,joao-novais,Alanyaspor,
0.21,0.43,44.44,0.64,0.32,0.21,50.99,81.82,1.5,0.43,3.1,1.82,1.39,2.67,0.96,51.52,0.53,Berkan Kutlu,berkan-kutlu,Galatasaray,
0.21,2.36,56.3,2.15,0.64,0.35,24.71,75.76,1.52,0.56,0.88,2.12,0.49,5.93,2.36,49.58,1.52,Barış Alper Yılmaz,baris-alper-yilmaz,Galatasaray,
0.21,0.93,62.0,1.08,0.45,0.15,27.97,73.62,1.35,0.72,1.35,1.23,0.99,3.09,1.92,53.02,0.96,Mortadha Ben Ouanes,mortadha-ben-ouanes,Kasımpaşa,
0.21,1.1,47.73,1.84,1.1,0.1,20.24,79.92,1.0,0.0,0.73,1.0,0.31,3.78,1.05,39.83,1.73,Emir Kaan Gültekin,emir-kaan-gultekin,İstanbulspor,
0.21,0.73,43.75,1.05,0.42,0.1,32.34,82.18,0.84,0.21,2.62,2.51,0.73,4.29,0.42,46.88,1.05,Vefa Temel,temel-vefa,İstanbulspor,
0.21,1.34,63.41,0.26,0.21,0.05,28.66,87.4,0.46,0.21,0.67,2.12,0.88,5.11,0.67,58.33,1.65,Bright Osayi-Samuel,bright-osayi-samuel,Fenerbahçe,
0.2,1.89,46.08,1.89,0.8,0.4,15.26,71.56,1.45,0.4,1.2,0.92,0.32,3.61,0.44,44.89,0.8,Altin Zeqiri,zeqiri-altin,Çaykur Rizespor,
0.2,1.11,45.9,2.22,0.95,0.16,15.41,72.98,1.07,0.87,0.36,0.71,0.48,2.81,0.48,39.52,1.07,Can Keleş,can-keles,Fatih Karagümrük,
0.19,1.34,43.75,2.3,0.77,0.0,12.86,69.79,0.77,0.19,0.38,2.3,0.19,5.18,2.69,38.68,1.73,Brayan Riascos,brayan-riascos,Gaziantep FK,
0.19,1.0,62.79,2.01,0.67,0.52,37.38,80.08,2.75,1.56,3.35,1.56,0.33,4.2,0.67,52.4,1.64,Valentin Eysseric,valentin-eysseric,Fatih Karagümrük,
0.19,0.93,51.02,1.15,0.44,0.41,20.36,69.62,1.07,0.85,1.33,1.74,0.7,3.18,1.41,47.69,0.52,Rigoberto Rivas,rigoberto-rivas,Hatayspor,
0.18,1.24,46.67,1.6,0.89,0.36,14.91,73.68,0.89,0.18,0.53,1.07,0.0,4.44,2.31,42.7,2.13,Djakaridja Traore,djakaridja-traore,İstanbulspor,
0.18,1.82,46.43,1.51,0.42,0.18,26.5,77.78,2.14,1.05,0.74,1.09,1.33,3.71,0.18,40.96,0.81,Sam Larsson,sam-larsson,Antalyaspor,
0.17,0.9,44.07,1.49,0.52,0.21,20.82,74.35,0.8,0.76,1.21,1.11,0.69,3.5,0.62,43.27,1.53,Yusuf Erdoğan,yusuf-erdogan,Adana Demirspor,
0.17,1.44,52.08,1.27,0.58,0.23,22.89,78.3,1.33,0.63,0.92,1.04,0.52,3.11,0.23,43.94,0.69,Lazar Marković,lazar-markovic,Gaziantep FK,
0.17,1.16,66.04,1.86,0.6,0.2,31.08,79.83,1.13,0.93,2.6,2.2,0.5,4.69,0.43,44.38,1.33,Florian Loshaj,florian-loshaj,İstanbulspor,
0.17,2.27,53.95,2.38,1.05,0.22,11.4,73.05,0.83,0.11,0.33,1.55,0.72,5.26,0.77,47.19,1.44,Renaldo Cephas,renaldo-cephas,MKE Ankaragücü,
0.16,1.15,50.0,1.73,0.58,0.0,21.04,79.75,0.74,0.74,0.9,0.9,0.99,3.04,0.58,38.6,0.99,Abdoulay Diaby,abdoulay-diaby,Pendikspor,
0.16,0.91,50.0,2.05,0.52,0.49,29.55,75.71,2.97,2.05,2.38,1.11,0.94,2.61,0.07,40.8,0.59,Edin Višća,edin-visca,Trabzonspor,
0.16,0.45,61.11,1.34,0.32,0.04,50.64,85.13,0.41,0.24,3.41,1.01,1.3,2.19,3.53,60.0,0.73,Abdülkerim Bardakcı,abdulkerim-bardakci,Galatasaray,
0.16,0.45,29.17,1.91,0.78,0.13,21.89,77.05,1.39,0.55,0.48,2.2,0.52,3.46,1.0,39.88,0.84,Carlo Holse,carlo-holse,Yılport Samsunspor,
0.16,0.32,33.33,1.45,0.48,0.0,16.91,69.54,0.97,0.16,0.16,1.45,0.97,3.54,3.06,39.05,1.93,Armin Hodžić,armin-hodzic,Hatayspor,
0.16,1.83,51.35,1.73,0.64,0.32,19.9,75.36,1.19,0.67,0.74,2.02,0.54,4.78,0.99,45.34,0.93,Halil Akbunar,halil-akbunar,Pendikspor,
0.16,0.78,62.5,1.71,0.47,0.21,12.63,72.97,0.73,0.16,0.47,1.25,0.31,3.64,1.61,41.22,1.61,Martin Minchev,minchev-martin,Çaykur Rizespor,
0.16,0.16,50.0,0.93,0.26,0.0,25.56,79.01,0.26,0.05,1.45,1.56,1.61,2.59,1.97,61.54,0.99,Marko Jevtović,marko-jevtovic,Gaziantep FK,
0.15,0.0,0.0,0.81,0.23,0.04,27.81,78.69,0.19,0.0,2.01,1.51,1.12,2.24,2.39,58.54,0.77,Arda Kızıldağ,arda-kizildag,Gaziantep FK,
0.15,0.23,54.55,0.73,0.39,0.04,51.56,84.73,0.62,0.0,2.81,1.0,0.5,1.5,3.89,65.42,0.31,Steven​ N'Zonzi,steven-nzonzi,Konyaspor,
0.15,1.13,70.97,1.18,0.46,0.15,27.65,79.23,1.44,0.67,2.67,1.08,0.57,3.39,1.03,50.29,1.18,Olivier Kemen,olivier-kemen,Başakşehir FK,
0.15,0.77,45.45,1.61,0.61,0.08,21.45,79.32,0.84,0.23,1.3,2.45,1.0,4.9,0.31,50.37,1.69,Taxiarchis Fountas,taxiarchis-fountas,Trabzonspor,
0.15,2.26,58.44,2.97,1.21,0.45,21.07,79.21,2.41,1.61,2.56,1.11,0.4,4.47,0.1,52.91,1.16,Yusuf Sarı,yusuf-sari,Adana Demirspor,
0.15,2.7,58.7,1.05,0.2,0.1,36.21,83.49,0.65,0.5,1.05,2.0,1.0,6.06,1.05,54.62,1.4,Loide Augusto,loide-augusto,Alanyaspor,
0.15,0.75,50.0,2.63,0.83,0.15,13.51,68.18,0.68,0.23,0.83,0.53,0.3,1.95,2.33,37.75,0.75,Kevin Lasagna,kevin-lasagna,Fatih Karagümrük,
0.15,0.48,44.83,1.34,0.41,0.07,29.46,81.35,1.08,0.26,1.19,1.19,0.82,3.15,1.0,48.91,1.52,Marcus Rohdén,marcus-rohden,Fatih Karagümrük,
0.15,0.65,81.82,0.4,0.18,0.04,52.24,88.78,0.33,0.07,2.54,0.94,1.56,2.68,2.07,56.96,1.09,Jerome Opoku,opoku-jerome,Başakşehir FK,
0.14,0.42,100.0,1.26,0.14,0.0,22.95,78.47,0.42,0.14,2.52,1.96,1.26,2.8,1.26,50.0,0.56,Mehdi Boudjemaa,mehdi-boudjemaa,Hatayspor,
0.14,1.08,54.39,1.08,0.17,0.49,20.28,72.86,1.85,0.84,0.84,2.17,0.77,4.65,0.94,49.08,1.4,Emre Kılınç,emre-kilinc,,Yılport Samsunspor
0.14,1.75,43.86,1.61,0.91,0.07,16.97,74.31,1.33,0.21,0.56,0.91,0.42,3.14,0.35,32.05,0.49,Clinton N'Jie,clinton-njie,,Sivasspor
0.14,1.99,47.78,1.81,0.46,0.19,19.05,79.65,1.11,0.19,0.65,1.2,0.56,5.01,1.48,43.21,1.81,Babajide David Akintola,babajide-david-akintola,,Çaykur Rizespor
0.14,0.83,61.22,0.5,0.17,0.28,29.09,75.75,2.42,2.31,2.64,2.4,1.43,3.66,0.77,60.53,0.47,Guilherme Haubert Sityá,guilherme-haubert-sitya,,Konyaspor
0.14,1.78,56.52,2.88,0.82,0.0,11.8,81.13,0.55,0.0,0.14,0.41,0.14,4.66,1.23,42.16,2.47,Britt Assombalonga,britt-assombalonga,,Antalyaspor
0.14,1.23,48.65,1.64,0.68,0.21,11.34,75.45,1.16,0.41,0.21,0.41,0.14,2.12,0.82,30.94,0.48,Julien Ngoy,julien-ngoy,,Kasımpaşa
0.14,0.71,53.06,1.88,0.57,0.38,28.88,73.48,2.83,1.63,2.64,1.71,0.54,4.38,0.65,49.73,1.99,Haris Hajradinović,haris-hajradinovic,,Kasımpaşa
0.13,0.85,51.35,1.3,0.45,0.09,27.39,83.74,0.67,0.45,1.88,1.7,1.34,4.51,1.03,55.61,2.01,Ogün Özçiçek,ogun-ozcicek,,Gaziantep FK
0.13,1.86,56.0,1.73,0.53,0.0,12.78,59.26,0.67,0.4,0.4,0.93,0.4,5.06,4.13,46.94,2.26,Philippe Keny,philippe-keny,,Başakşehir FK
0.13,0.18,80.0,0.53,0.13,0.04,49.74,84.95,0.31,0.0,4.25,1.73,2.35,2.79,2.66,61.19,0.93,Alexander Djiku,alexander-djiku,,Fenerbahçe
0.13,0.79,51.43,1.41,0.31,0.26,37.85,80.41,1.37,0.35,4.37,2.12,0.66,3.57,2.03,45.85,0.71,Ali Karimi,ali-karimi,,Kayserispor
0.13,1.1,51.02,2.19,0.66,0.31,47.48,83.55,1.36,0.26,3.29,2.24,1.01,4.91,0.18,50.22,1.71,Fred,fred,,Fenerbahçe
0.13,2.62,64.52,2.49,0.92,0.0,37.39,89.62,0.92,0.52,1.18,1.31,0.52,6.56,0.39,58.24,2.62,Pione Sisto,pione-sisto,,Alanyaspor
0.13,3.6,70.51,2.49,1.24,0.07,27.43,88.4,0.98,0.2,1.83,0.59,0.59,5.5,0.26,54.66,1.31,Anastasios Chatzigiovanis,anastasios-chatzigiovanis,,MKE Ankaragücü
0.13,0.29,53.85,0.88,0.29,0.13,37.16,80.88,1.09,0.97,5.93,1.39,0.84,2.48,0.76,52.74,0.8,Jure Balkovec,jure-balkovec,,Alanyaspor
0.12,0.5,50.0,1.49,0.5,0.5,32.03,81.39,1.37,0.25,1.74,0.37,1.24,1.99,0.87,35.94,1.12,Flavio Paoletti,paoletti-flavio,,Fatih Karagümrük
0.12,0.49,70.59,1.23,0.25,0.08,37.04,80.37,1.51,0.9,4.67,2.25,0.65,3.93,1.15,54.39,1.19,Pedrinho,pedrinho,,MKE Ankaragücü
0.12,0.8,61.9,0.61,0.18,0.06,45.76,85.29,1.22,0.49,4.04,1.41,0.98,2.88,0.43,45.76,0.67,Sofiane Feghouli,sofiane-feghouli,,Fatih Karagümrük
0.12,1.34,55.0,1.59,0.61,0.37,26.26,81.44,1.34,0.49,0.73,1.95,0.85,4.52,0.49,40.2,1.22,Roman Kvet,roman-kvet,,Sivasspor
0.12,3.59,63.83,2.51,0.96,0.0,24.06,81.05,1.91,1.2,1.2,1.56,0.6,8.38,0.0,53.44,3.23,Emre Mor,emre-mor,,Fatih Karagümrük
0.12,0.24,60.0,0.72,0.24,0.0,30.93,85.21,0.0,0.0,2.03,1.11,1.83,1.83,2.66,63.13,0.52,Caner Osmanpaşa,caner-osmanpasa,Sivasspor,
0.12,0.31,61.54,0.94,0.27,0.0,37.39,79.42,0.71,0.04,3.49,1.96,1.65,3.18,2.55,57.48,0.94,Chandrel Massanga,chandrel-massanga,Hatayspor,
0.12,0.64,61.11,1.06,0.29,0.23,46.67,86.62,1.06,0.64,4.98,1.35,0.94,2.81,0.82,42.76,0.82,Görkem Sağlam,gorkem-saglam,Hatayspor,
0.11,0.46,57.14,0.8,0.23,0.34,25.83,74.75,1.03,0.92,1.84,0.92,1.03,1.95,2.18,52.17,0.57,Kingsley Schindler,kingsley-schindler,Yılport Samsunspor,
0.11,0.15,44.44,0.83,0.23,0.04,39.31,79.48,0.23,0.0,3.49,1.47,0.9,2.18,2.97,52.09,0.6,Rick Van Drongelen,rick-van-drongelen,Yılport Samsunspor,
0.11,0.39,87.5,0.96,0.22,0.0,55.62,83.19,0.22,0.0,3.65,2.19,1.24,3.37,2.92,58.64,0.79,Davinson Sánchez,davinson-sanchez,Galatasaray,
0.11,0.89,57.14,1.22,0.33,0.11,38.52,77.68,1.66,0.44,2.32,1.66,0.77,3.54,1.44,35.71,1.0,Eduart Rroca,eduart-rroca,İstanbulspor,
0.11,1.68,73.02,1.32,0.33,0.04,33.88,83.63,1.06,0.26,2.23,3.63,1.43,7.77,0.7,58.48,2.45,Gedson Fernandes,gedson-fernandes,Beşiktaş,
0.11,0.94,50.98,1.12,0.25,0.18,27.96,76.21,1.12,0.76,2.21,1.48,1.41,3.48,0.76,49.37,1.09,Erdoğan Yeşilyurt,erdogan-yesilyurt,Antalyaspor,
0.11,0.53,45.45,2.32,0.32,0.42,29.54,81.16,1.37,0.84,1.27,2.11,0.53,5.17,0.42,52.48,2.53,Endri Çekiçi,endri-cekici,Pendikspor,
0.11,1.16,45.83,1.65,0.39,0.14,26.06,81.09,0.74,0.04,1.69,1.55,0.46,4.99,0.74,46.84,2.28,Dario Šarić,dario-saric,Antalyaspor,
0.1,0.59,56.67,1.9,0.55,0.24,43.89,79.28,1.66,1.24,8.57,1.24,0.73,2.32,0.52,52.23,0.48,Jonjo Shelvey,jonjo-shelvey,Çaykur Rizespor,
0.1,0.77,50.0,1.58,0.51,0.15,18.23,73.61,0.77,0.31,0.77,1.63,0.26,3.83,1.28,37.74,1.48,Mendy Mamadou,mendy-mamadou,İstanbulspor,
0.1,0.86,51.52,1.17,0.46,0.05,25.2,76.58,0.66,0.1,1.98,1.83,0.76,3.75,0.96,45.37,1.12,Taylan Antalyalı,taylan-antalyali,Yılport Samsunspor,
0.1,1.72,45.95,1.42,0.81,0.4,14.78,76.04,2.13,1.32,0.3,1.52,0.3,4.66,0.3,50.52,1.42,Modou Barrow,modou-barrow,Sivasspor,
0.1,1.21,57.14,1.45,0.54,0.57,33.19,84.06,2.69,2.05,3.64,1.28,0.67,3.6,0.5,45.69,1.14,Alexandru Maxim,alexandru-maxim,Gaziantep FK,
0.1,1.23,48.1,1.3,0.29,0.29,26.5,81.76,1.33,0.36,1.1,1.14,0.65,3.15,0.39,42.25,0.78,Alassane Ndao,ndao-alassane,Konyaspor,
0.1,0.14,60.0,0.58,0.24,0.05,36.99,79.15,0.14,0.05,3.09,1.16,1.4,2.85,2.46,62.86,1.59,Alpaslan Öztürk,alpaslan-ozturk,Pendikspor,
0.1,0.86,39.13,2.34,0.91,0.14,19.18,71.35,0.81,0.33,0.91,1.72,0.81,3.44,2.25,44.4,0.86,Sander van de Streek,sander-van-de-streek,Antalyaspor,
0.09,1.16,61.67,0.97,0.25,0.06,22.86,71.77,0.69,0.5,1.95,2.26,1.23,4.53,1.73,51.29,1.13,Cláudio Winck,claudio-winck,Kasımpaşa,
0.09,2.35,52.08,1.55,0.33,0.19,17.96,79.92,0.85,0.33,0.71,2.12,0.85,7.57,0.61,50.29,3.1,Marlos Moreno,marlos-moreno,Konyaspor,
0.09,1.27,40.91,1.74,0.47,0.23,14.63,71.56,1.45,0.75,0.61,0.84,0.33,3.61,0.52,38.94,1.5,Valon Ethemi,valon-ethemi,Konyaspor,
0.09,0.28,60.0,0.37,0.28,0.09,53.57,86.4,0.19,0.0,4.78,1.97,0.75,2.53,1.59,54.32,0.28,Fatih Aksoy,fatih-aksoy,Alanyaspor,
0.09,0.23,62.5,0.64,0.14,0.05,37.92,82.53,0.14,0.0,3.16,1.01,0.92,1.7,2.15,53.85,0.5,Attila Mocsi,attila-mocsi,Çaykur Rizespor,
0.09,0.15,71.43,0.6,0.15,0.09,30.92,73.84,0.51,0.15,3.86,1.08,2.18,1.5,2.33,65.31,0.27,Papy Djilobodji,papy-djilobodji,Gaziantep FK,
0.09,0.18,57.14,0.94,0.27,0.04,41.81,77.94,0.45,0.13,4.47,2.37,1.92,3.57,2.28,60.37,1.03,Welinton,welinton,Pendikspor,
0.09,1.49,65.38,1.57,0.52,0.26,25.43,78.86,1.66,0.96,0.7,0.61,0.26,3.76,1.05,51.4,1.75,Serdar Gürler,serdar-gurler,Başakşehir FK,
0.09,1.11,48.15,1.19,0.43,0.17,23.18,80.47,0.94,0.26,0.94,1.79,0.77,4.77,0.85,42.86,1.88,Emirhan İlkhan,emirhan-ilkhan,Başakşehir FK,
0.09,0.77,52.94,1.36,0.34,0.17,26.24,79.92,1.02,0.55,1.45,1.79,0.89,3.06,0.55,52.15,0.6,Gökcan Kaya,gokcan-kaya,Pendikspor,
0.08,1.95,60.53,1.99,0.55,0.08,20.47,74.69,1.44,0.93,1.86,1.69,0.55,5.16,0.13,44.64,1.52,Olimpiu Moruțan,olimpiu-morutan,MKE Ankaragücü,
0.08,0.65,40.0,0.81,0.32,0.16,19.42,75.95,1.13,0.57,0.16,1.78,0.65,4.13,1.54,46.05,1.78,Iron Gomis,iron-gomis,Kasımpaşa,
0.08,0.71,50.0,0.87,0.16,0.4,34.8,79.42,1.58,0.55,1.58,1.82,1.58,3.48,1.11,50.88,1.11,Mert Müldür,mert-muldur,Fenerbahçe,
0.08,0.43,42.31,0.66,0.16,0.19,40.11,81.72,0.89,0.54,2.83,1.67,0.85,2.91,0.47,53.37,0.85,Florent Hadergjonaj,florent-hadergjonaj,Alanyaspor,
0.08,1.31,53.13,1.0,0.38,0.0,42.35,87.05,0.46,0.0,2.08,1.54,2.08,4.3,1.0,53.08,1.46,Racine Coly,racine-coly,İstanbulspor,
0.08,1.38,51.43,2.46,0.77,0.54,42.28,82.86,2.84,2.15,2.76,1.61,0.46,4.37,0.61,40.12,1.38,Rachid Ghezzal,rachid-ghezzal,Beşiktaş,
0.08,0.54,58.33,1.91,0.46,0.08,27.78,81.57,0.99,0.46,1.22,0.92,0.61,2.14,1.07,40.78,0.69,Danijel Aleksić,danijel-aleksic,Başakşehir FK,
0.07,0.29,27.59,0.91,0.36,0.22,24.2,79.4,0.8,0.44,1.2,1.85,0.65,3.01,0.44,43.78,0.87,Yusuf Özdemir,yusuf-ozdemir,Alanyaspor,
0.07,0.14,40.0,0.63,0.21,0.07,35.94,78.46,0.14,0.0,3.59,1.34,0.35,2.54,2.82,53.9,1.06,Salih Dursun,salih-dursun,Fatih Karagümrük,
0.07,0.04,100.0,0.67,0.21,0.0,48.57,83.66,0.18,0.04,2.38,0.77,1.58,1.4,4.52,68.98,0.81,Victor Nelsson,victor-nelsson,Galatasaray,
0.07,0.62,75.0,0.69,0.21,0.07,24.53,73.9,0.9,0.55,1.11,2.63,2.36,4.43,1.11,56.34,1.18,Nazım Sangaré,nazim-sangare,Fatih Karagümrük,
0.07,0.07,100.0,0.47,0.07,0.0,46.35,83.45,0.0,0.0,3.51,1.22,1.01,1.89,2.16,56.6,0.61,Berkay Sülüngöz,berkay-sulungoz,,Pendikspor
0.07,1.01,52.63,1.31,0.57,0.24,28.77,80.91,2.02,1.75,2.52,1.04,0.44,3.5,0.47,47.2,1.45,Deniz Türüç,deniz-turuc,,Başakşehir FK
0.07,0.2,66.67,0.43,0.07,0.0,29.5,78.71,0.46,0.03,2.12,2.25,1.69,3.44,1.85,62.99,1.03,Uğurcan Yazğılı,ugurcan-yazgili,,Konyaspor
0.07,1.01,46.97,0.69,0.29,0.29,32.43,83.15,1.63,0.69,1.31,1.86,0.29,5.56,0.62,57.45,2.68,Efecan Karaca,efecan-karaca,,Alanyaspor
0.07,0.62,76.0,0.88,0.1,0.03,44.77,85.15,0.33,0.03,4.46,1.27,1.04,2.67,1.04,55.07,0.81,Andreaw Gravillon,andreaw-gravillon,,Adana Demirspor
0.06,1.3,44.44,1.56,0.26,0.13,17.96,75.68,2.2,1.36,0.97,0.97,0.26,3.05,0.32,42.28,0.84,Zymer Bytyqi,zymer-bytyqi,,Antalyaspor
0.06,0.91,58.33,0.58,0.19,0.0,30.17,75.16,0.65,0.06,3.76,1.75,0.97,3.95,0.97,53.52,1.29,Benjamin Stambouli,benjamin-stambouli,,Adana Demirspor
0.06,0.93,72.5,0.83,0.26,0.16,36.29,89.53,0.67,0.06,1.02,1.15,0.57,2.78,0.61,49.07,0.7,Berkay Özcan,berkay-ozcan,,Başakşehir FK
0.06,0.13,66.67,0.48,0.1,0.03,26.74,86.83,0.13,0.0,1.05,1.36,1.05,1.9,1.62,65.29,0.44,Nicolas N'Koulou,nicolas-nkoulou,,Gaziantep FK
0.06,0.32,83.33,0.88,0.38,0.19,25.73,73.91,1.83,2.02,1.7,1.2,0.76,2.14,2.52,60.16,0.63,Faouzi Ghoulam,faouzi-ghoulam,,Hatayspor
0.06,0.25,50.0,0.82,0.25,0.0,25.29,77.5,0.44,0.25,2.01,1.95,0.88,2.51,1.26,46.51,0.31,Kerim Alıcı,kerim-alici,,Hatayspor
0.06,1.43,52.27,1.68,0.5,0.19,20.99,79.16,2.17,1.43,1.06,3.35,0.62,6.58,0.62,54.72,1.8,Gustavo Sauer,gustavo-sauer,,Çaykur Rizespor
0.06,0.18,42.86,1.66,0.52,0.09,28.34,77.74,0.61,0.09,2.37,1.63,1.78,3.26,2.15,62.63,1.54,Gökhan Gül,gokhan-gul,,Kasımpaşa
0.06,0.24,80.0,0.67,0.18,0.0,27.73,80.32,0.24,0.0,2.02,2.14,1.04,2.76,2.02,58.21,0.37,Ertuğrul Ersoy,ertugrul-ersoy,,Gaziantep FK
0.06,0.33,50.0,0.58,0.12,0.06,36.58,78.64,0.4,0.15,2.37,2.07,1.34,2.86,2.04,53.85,0.49,Yasin Özcan,yasin-ozcan,,Kasımpaşa
0.06,0.3,83.33,0.36,0.06,0.0,46.54,87.03,0.06,0.0,2.35,1.69,1.02,3.26,3.8,71.78,1.51,Bahadır Öztürk,bahadir-ozturk,,Antalyaspor
0.06,0.54,56.25,0.72,0.18,0.12,37.12,83.71,1.25,1.01,3.16,1.73,0.72,2.63,1.25,56.03,0.36,Erdem Özgenç,erdem-ozgenc,,Pendikspor
0.06,1.48,65.79,1.48,0.42,0.0,34.45,88.16,0.89,0.18,1.84,2.31,1.13,7.17,0.53,63.11,3.44,Badou Ndiaye,badou-ndiaye,,Pendikspor
0.06,1.2,43.62,0.73,0.15,0.23,25.59,78.77,0.85,0.44,1.2,1.94,1.56,5.34,0.65,54.84,2.2,Mustafa Eskihellaç,mustafa-eskihellac,,Gaziantep FK
0.06,1.9,44.59,0.98,0.58,0.29,24.92,76.5,0.98,0.4,0.75,1.5,0.81,4.6,1.04,50.52,1.21,David Sambissa,david-sambissa,,İstanbulspor
0.06,0.4,82.35,0.26,0.06,0.06,43.71,87.13,0.32,0.0,3.59,1.26,0.77,2.3,1.81,59.09,0.66,Guy-Marcelin Kilama,guy-marcelin-kilama,,Hatayspor
0.06,1.25,66.67,1.14,0.23,0.23,39.16,81.21,1.14,0.4,3.31,2.34,0.74,5.07,1.03,51.2,1.48,Salih Uçan,salih-ucan,,Beşiktaş
0.06,0.67,57.14,1.0,0.5,0.11,22.18,69.46,0.95,0.11,1.45,2.73,1.17,5.29,0.78,46.98,1.89,Furkan Soyalp,furkan-soyalp,,Gaziantep FK
0.05,0.89,48.57,0.58,0.21,0.0,37.79,83.59,0.95,0.53,1.26,1.84,1.42,3.58,1.58,49.25,0.95,Sacha Boey,boey-sacha,,Galatasaray
0.05,1.05,42.55,1.47,0.58,0.37,18.77,72.27,1.47,1.0,0.95,2.16,0.47,4.94,0.74,43.2,1.73,Max Gradel,max-gradel,,Gaziantep FK
0.05,0.2,30.77,1.18,0.46,0.1,23.66,75.78,0.97,0.31,1.38,1.74,0.92,4.7,1.58,52.79,2.81,Oğulcan Ülgün,ogulcan-ulgun,,Konyaspor
0.05,0.5,52.63,1.3,0.35,0.05,39.59,86.59,0.5,0.0,2.24,1.94,0.5,3.59,1.6,52.26,1.15,Leroy Fer,leroy-fer,,Alanyaspor
0.05,0.68,70.0,0.29,0.1,0.19,34.79,81.38,1.11,0.82,1.83,2.32,1.25,4.1,0.77,56.11,1.16,Bünyamin Balcı,bunyamin-balci,,Antalyaspor
0.05,0.38,47.06,0.47,0.05,0.09,39.19,76.85,0.66,0.8,2.5,1.46,0.99,2.64,1.56,52.66,0.8,Lucas Lima,lucas-lima,,Başakşehir FK
0.05,0.33,63.64,0.89,0.09,0.0,37.17,81.71,0.42,0.05,3.48,2.68,1.41,3.43,1.13,48.74,0.52,Youssef Aït Bennasser,youssef-ait-bennasser,,Yılport Samsunspor
0.05,1.73,57.81,0.75,0.23,0.28,35.06,79.3,1.59,0.7,1.87,1.31,0.61,4.25,0.51,43.22,1.21,Fredrik Midtsjø,fredrik-midtsjo,,Pendikspor
0.05,1.02,64.71,1.07,0.33,0.14,29.27,82.98,0.65,0.09,2.75,2.05,1.02,3.58,0.84,45.45,0.51,Ali Kaan Güneren,ali-kaan-guneren,,MKE Ankaragücü
0.04,0.36,53.33,0.53,0.18,0.18,28.16,73.13,1.24,1.33,2.93,2.09,1.73,3.15,1.73,57.29,0.71,Zeki Yavru,zeki-yavru,,Yılport Samsunspor
0.04,0.53,57.14,1.95,0.49,0.13,24.27,78.4,1.2,0.84,1.24,1.24,0.53,2.66,0.75,44.0,0.89,Alexandru Cicâldău,alexandru-cicaldau,,Konyaspor
0.04,0.35,57.14,0.74,0.26,0.13,25.65,77.65,1.66,1.35,1.57,1.79,0.79,2.62,0.26,42.31,0.48,Casper Højer,casper-hojer,,Çaykur Rizespor
0.04,0.17,50.0,0.44,0.04,0.0,51.37,85.36,0.09,0.0,3.1,1.0,1.09,2.31,1.92,53.3,1.13,Federico Ceccherini,federico-ceccherini,,Fatih Karagümrük
0.04,0.17,44.44,0.52,0.26,0.04,35.64,77.59,0.43,0.0,3.98,1.38,1.56,1.64,2.42,61.44,0.09,Kenneth Omeruo,kenneth-omeruo,,Kasımpaşa
0.04,0.26,42.86,0.94,0.26,0.3,43.32,84.25,1.24,0.47,4.01,1.41,1.45,2.26,2.39,56.48,0.64,Kaan Ayhan,kaan-ayhan,,Galatasaray
0.04,0.64,53.57,0.43,0.09,0.21,32.71,79.26,0.85,0.64,3.28,2.77,1.53,5.66,1.58,60.5,2.3,Ahmet Oğuz,ahmet-oguz,,Konyaspor
0.04,0.43,32.26,0.21,0.09,0.09,29.38,80.89,0.55,0.38,1.49,0.72,0.94,2.13,0.64,41.14,0.98,Demeaco Duhaney,duhaney-demeaco,,İstanbulspor
0.04,0.08,40.0,0.25,0.13,0.04,36.16,85.28,0.67,0.0,1.8,1.97,1.17,2.51,0.92,38.86,0.46,Modestas Vorobjovas,modestas-vorobjovas,,İstanbulspor
0.04,0.08,40.0,0.33,0.08,0.08,46.02,88.87,0.17,0.04,3.07,0.91,0.54,1.49,1.12,49.61,0.5,Joseph Attamah,joseph-attamah,,Kayserispor
0.04,0.08,50.0,0.54,0.08,0.0,53.47,90.98,0.21,0.0,3.64,0.66,0.75,1.45,2.28,57.69,0.7,Stefano Denswil,stefano-denswil,,Trabzonspor
0.04,1.84,47.87,1.96,0.78,0.2,28.01,78.38,1.27,0.53,2.04,1.55,0.82,5.07,0.65,41.92,1.76,Jackson,jackson,,İstanbulspor
0.04,0.29,77.78,0.12,0.04,0.04,32.0,77.88,0.24,0.04,2.73,0.98,1.35,1.59,2.4,54.75,0.33,Ľubomír Šatka,ubomir-satka,,Yılport Samsunspor
0.04,0.63,61.54,1.46,0.32,0.12,38.45,82.51,0.71,0.24,2.57,3.01,0.63,5.06,1.38,59.93,1.42,Muammer Sarıkaya,muammer-sarikaya,,Çaykur Rizespor
0.04,0.59,62.5,0.59,0.16,0.04,47.81,85.65,0.59,0.08,5.47,2.73,1.56,5.12,1.45,59.57,1.84,Berat Ayberk Özdemir,berat-ayberk-ozdemir,,Trabzonspor
0.04,0.93,58.54,0.47,0.16,0.16,36.89,81.53,1.13,0.89,3.38,1.13,0.58,3.23,0.54,54.19,1.17,Léo Dubois,leo-dubois,,Başakşehir FK
0.04,1.0,58.7,0.71,0.19,0.11,28.44,79.79,1.08,0.37,2.04,2.6,0.33,5.98,0.41,57.91,2.41,Charis Charisis,charis-charisis,,Sivasspor
0.04,0.26,53.85,0.88,0.29,0.07,27.73,83.7,0.81,0.4,1.36,1.32,1.43,2.31,0.4,47.13,0.73,Ali Yaşar,ali-yasar,,İstanbulspor
0.04,1.11,42.47,2.32,0.64,0.57,24.1,80.38,2.35,1.75,1.03,1.39,0.46,3.74,1.07,43.69,1.32,Miguel Cardoso,miguel-cardoso,,Kayserispor
0.04,0.28,44.44,0.88,0.14,0.14,39.25,82.78,0.91,0.95,1.72,1.89,1.47,2.49,0.6,46.07,0.32,Güray Vural,guray-vural,,Antalyaspor
0.03,0.07,66.67,0.31,0.14,0.1,29.97,82.62,0.17,0.0,3.36,0.38,0.87,0.62,1.42,51.3,0.28,Aaron Appindangoyé,aaron-appindangoye,,Sivasspor
0.03,0.97,74.36,0.64,0.13,0.07,39.13,88.33,0.23,0.03,1.98,1.51,0.44,3.86,0.91,55.04,1.44,Batista Mendy,batista-mendy,,Trabzonspor
0.03,0.2,50.0,0.83,0.27,0.1,38.24,78.1,0.63,0.07,4.83,2.17,2.26,3.3,2.5,58.59,0.93,Emirhan Topçu,emirhan-topcu,,Çaykur Rizespor
0.03,0.49,69.57,0.77,0.22,0.09,44.58,89.13,0.53,0.09,1.76,2.29,2.19,3.83,2.16,59.88,1.11,Richard Cândido,richard-candido,,Alanyaspor
0.03,0.27,50.0,0.93,0.12,0.12,56.74,89.52,0.87,0.12,3.58,2.41,1.26,4.27,0.78,52.17,1.65,Lucas Torreira,lucas-torreira,,Galatasaray
0.03,0.12,66.67,0.87,0.18,0.03,47.26,84.96,0.18,0.09,3.44,2.15,1.55,3.11,1.91,55.81,0.84,Veysel Sarı,veysel-sari,,Antalyaspor
0.03,0.59,76.92,0.44,0.12,0.21,30.03,74.84,1.17,1.14,2.64,2.5,1.03,3.9,1.06,61.23,0.85,Nuno Sequeira,nuno-sequeira,,Pendikspor
0.03,0.12,100.0,0.5,0.12,0.03,44.0,89.19,0.21,0.0,2.37,1.23,1.29,1.7,2.37,63.47,0.38,Uroš Radaković,uros-radakovic,,MKE Ankaragücü
0.03,1.07,61.67,0.4,0.03,0.14,34.0,78.66,0.95,0.58,1.97,2.37,1.24,4.19,0.75,56.25,0.78,Münir Levent Mercan,munir-levent-mercan,,Fatih Karagümrük
0.03,0.17,75.0,0.14,0.03,0.03,45.79,86.05,0.2,0.06,2.47,1.29,1.15,2.05,1.21,51.56,0.62,Nihad Mujakić,nihad-mujakic,,MKE Ankaragücü
0.03,0.36,43.33,1.06,0.25,0.03,31.64,81.96,0.17,0.06,2.38,1.48,1.12,3.22,0.81,49.48,1.43,Soner Dikmen,soner-dikmen,,Konyaspor
0.03,1.54,61.96,0.89,0.38,0.27,45.72,84.8,1.38,0.65,2.79,2.03,0.95,5.22,0.7,60.0,1.65,Ferdi Kadıoğlu,ferdi-kadioglu,,Fenerbahçe
0.0,0.1,66.67,0.31,0.0,0.05,59.3,90.22,0.1,0.0,2.75,2.45,2.24,3.52,3.01,59.81,1.07,Ousseynou Ba,ousseynou-ba,,Başakşehir FK
0.0,1.13,76.32,1.01,0.16,0.08,50.72,85.26,1.13,0.23,2.41,2.83,1.71,5.2,2.25,55.49,1.24,İsmail Yüksek,ismail-yuksek,,Fenerbahçe
0.0,0.6,64.29,0.37,0.13,0.03,54.47,89.09,0.53,0.03,2.47,1.43,1.1,2.9,3.23,62.16,0.87,Léo Duarte,leo-duarte,,Başakşehir FK
0.0,0.44,76.92,0.17,0.0,0.17,36.0,85.6,1.0,0.39,1.53,2.18,1.26,4.27,1.44,64.22,1.7,Jonas Svensson,jonas-svensson,,Beşiktaş
0.0,0.13,80.0,0.77,0.19,0.03,53.47,85.51,0.26,0.06,6.78,1.67,1.29,1.99,1.35,52.26,0.19,Semih Güler,semih-guler,,Adana Demirspor
0.0,0.54,66.67,0.2,0.07,0.4,55.64,87.17,1.48,1.21,4.56,1.28,0.94,2.89,1.21,53.98,1.07,Amir Hadžiahmetović,amir-hadziahmetovic,,Beşiktaş
0.0,1.55,63.27,1.95,0.75,0.45,31.0,82.03,2.8,2.05,2.0,0.85,0.35,4.04,0.5,44.83,1.65,Ramzi Safuri,ramzi-safuri,,Antalyaspor
0.0,0.93,83.33,0.87,0.19,0.12,46.83,83.13,0.31,0.0,3.66,1.93,1.74,3.29,2.61,62.91,0.5,Francisco Calvo,francisco-calvo,,Konyaspor
0.0,0.26,100.0,0.2,0.0,0.07,47.8,87.14,0.2,0.0,4.09,1.85,1.19,2.77,1.12,54.13,0.66,Ibrahim Drešević,ibrahim-dresevic,,Fatih Karagümrük
0.0,1.11,43.33,0.6,0.0,0.17,29.06,83.91,1.63,0.6,0.26,2.14,0.77,4.11,1.11,47.29,0.94,Abdülkadir Ömür,abdulkadir-omur,,Trabzonspor
0.0,0.27,70.0,0.42,0.11,0.04,47.92,86.92,0.23,0.19,2.48,1.75,1.11,3.13,2.37,62.34,1.18,Necip Uysal,necip-uysal,,Beşiktaş
0.0,0.29,60.0,0.38,0.14,0.0,33.32,83.45,0.05,0.05,3.93,1.68,1.01,2.01,1.58,61.48,0.05,Samba Camara,samba-camara,,Sivasspor
0.0,0.23,100.0,0.61,0.08,0.0,66.11,87.65,0.31,0.15,3.74,0.84,1.15,1.6,2.37,54.74,0.61,Nuno Lima,nuno-lima,,Alanyaspor
0.0,1.42,71.11,0.4,0.18,0.13,37.17,85.83,1.07,0.22,2.49,2.13,0.93,4.36,0.58,54.95,0.8,Arnaud Lusamba,arnaud-lusamba,,Pendikspor
0.0,0.34,50.0,0.41,0.07,0.0,22.67,76.67,0.27,0.0,1.5,3.14,1.71,4.37,1.71,54.94,0.89,Júnior Morais,junior-morais,,Gaziantep FK
0.0,0.2,50.0,0.3,0.1,0.05,48.35,87.37,0.3,0.0,3.32,1.34,1.09,2.13,1.29,56.56,0.6,Ömer Toprak,omer-toprak,,Antalyaspor
0.0,0.2,100.0,0.39,0.13,0.13,47.31,88.75,0.2,0.0,3.19,0.98,1.3,1.63,2.09,55.34,0.52,Nikola Maksimović,nikola-maksimovic,Hatayspor,
0.0,1.14,64.71,0.88,0.31,0.0,37.79,90.21,1.04,0.05,1.09,1.87,0.88,5.71,0.57,56.28,2.7,Édouard Michut,edouard-michut,Adana Demirspor,
0.0,1.56,59.52,1.81,0.69,0.25,20.55,75.86,1.56,1.0,2.24,1.12,0.31,5.42,0.44,51.37,2.8,Emrah Başsan,emrah-bassan,Sivasspor,
0.0,0.16,100.0,0.48,0.0,0.0,52.49,91.23,0.16,0.0,2.48,0.8,0.8,1.92,2.32,66.25,1.04,Rodrigo Becão,rodrigo-becao,Fenerbahçe,
0.0,0.52,70.0,0.37,0.0,0.07,33.73,82.94,0.97,0.6,3.51,2.09,1.34,3.36,0.6,56.99,0.75,Ömer Ali Şahiner,omer-ali-sahiner,Başakşehir FK,
0.0,0.27,70.0,0.77,0.08,0.19,52.26,87.69,0.69,0.35,3.19,1.15,0.58,2.61,1.08,49.74,1.19,Jakub Kałuziński,jakub-kaluzinski,Antalyaspor,
0.0,0.91,61.7,0.25,0.0,0.19,30.3,78.84,0.85,0.76,2.59,1.83,1.64,3.28,0.82,53.5,0.57,Muhammet Taha Şahin,muhammet-taha-sahin,Çaykur Rizespor,
0.0,0.63,40.38,0.51,0.09,0.0,27.04,81.88,0.86,0.42,1.7,1.82,1.43,3.63,1.28,56.31,1.19,Eren Elmalı,eren-elmali,Trabzonspor,
0.0,0.76,50.0,0.63,0.0,0.0,23.35,73.04,0.42,0.14,1.6,3.41,1.11,5.84,1.95,66.27,1.74,Mehmet Aydın,mehmet-aydin,Trabzonspor,
0.0,0.25,85.71,0.37,0.08,0.0,38.25,83.12,0.29,0.12,2.66,0.96,1.41,1.33,2.41,56.25,0.12,Simon Deli,simon-deli,İstanbulspor,
0.0,0.12,66.67,0.41,0.09,0.03,49.77,87.31,0.24,0.06,2.66,1.12,0.89,2.33,1.42,57.99,1.21,Fidan Aliti,fidan-aliti,Alanyaspor,
0.0,0.74,37.84,0.69,0.21,0.11,34.19,82.23,1.58,0.32,2.48,1.32,0.53,4.38,0.69,49.23,2.32,Flavien Tait,flavien-tait,Yılport Samsunspor,
0.0,0.05,100.0,0.33,0.14,0.05,27.32,75.1,0.19,0.0,3.69,1.35,1.4,1.82,2.48,60.53,0.47,Alim Öztürk,alim-ozturk,Yılport Samsunspor,
0.0,0.42,61.54,0.31,0.05,0.1,34.2,81.97,0.36,0.36,2.91,2.65,0.67,3.79,0.52,49.4,0.73,Kamil Ahmet Çörekçi,kamil-ahmet-corekci,Hatayspor,
0.0,1.03,62.86,0.33,0.09,0.09,37.45,80.34,0.42,0.23,1.92,1.96,0.89,3.97,1.59,56.94,0.98,Jayden Oosterwolde,jayden-oosterwolde,Fenerbahçe,
0.0,0.41,64.71,0.71,0.04,0.11,47.52,84.29,0.93,0.67,4.6,1.72,1.61,2.91,0.3,44.56,0.78,Kartal Kayra Yılmaz,kartal-kayra-yilmaz,Kayserispor,
0.0,0.89,45.65,0.59,0.0,0.0,30.35,83.62,0.8,0.34,2.23,2.74,1.1,4.93,0.63,55.93,1.31,Stelios Kitsiou,stelios-kitsiou,MKE Ankaragücü,
0.0,0.72,66.67,0.29,0.14,0.07,32.46,86.18,0.43,0.0,3.4,2.75,2.24,4.48,1.3,48.48,1.01,Yunus Konak,yunus-konak,Sivasspor,
0.0,3.91,50.0,1.36,0.42,0.68,21.57,74.93,2.29,0.93,0.68,1.27,0.51,6.37,0.08,46.63,1.19,Moryke Fofana,moryke-fofana,Yılport Samsunspor,
0.0,2.11,60.71,0.43,0.19,0.12,40.57,85.05,0.87,0.93,4.03,1.8,0.99,4.9,1.3,52.91,0.99,Arthur Masuaku,arthur-masuaku,Beşiktaş,
0.0,0.22,28.57,1.16,0.44,0.0,36.41,84.42,0.55,0.17,2.09,1.27,1.49,2.59,2.64,52.49,1.1,Bakhtiyar Zaynutdinov,bakhtiyar-zaynutdinov,Beşiktaş,
0.0,0.31,50.0,0.17,0.0,0.03,36.73,81.28,0.17,0.17,2.59,1.64,1.5,2.73,1.85,56.96,0.77,Davide Biraschi,davide-biraschi,Fatih Karagümrük,
0.0,2.63,57.14,3.29,1.03,0.09,15.24,77.51,1.69,0.19,0.56,2.35,0.38,6.49,2.26,46.27,1.5,Halil Dervişoğlu,halil-dervisoglu,Hatayspor,
0.0,0.61,45.65,0.43,0.14,0.2,27.45,78.53,0.89,0.98,1.44,2.05,0.69,3.2,0.32,49.39,0.55,Uğur Çiftçi,ugur-ciftci,Sivasspor,
0.0,0.35,64.71,0.38,0.1,0.0,31.13,75.68,0.03,0.03,3.3,1.28,1.19,2.24,1.44,58.67,0.64,Mehmet Yeşil,mehmet-yesil,İstanbulspor,
0.0,1.74,52.38,2.93,1.11,0.4,31.45,81.52,2.14,0.63,1.03,0.79,0.4,3.88,0.71,40.85,1.43,Tetê,tete,Galatasaray,
0.0,0.23,37.5,0.23,0.08,0.0,30.28,80.53,1.3,0.84,3.43,2.06,1.14,2.59,0.76,50.57,0.31,Alaaddin Okumuş,alaaddin-okumus,Sivasspor,
0.0,1.08,47.95,0.77,0.22,0.22,26.77,74.16,0.81,0.74,1.95,2.85,1.24,4.68,1.67,48.12,0.74,Gökhan Sazdağı,gokhan-sazdagi,Kayserispor,
0.0,0.17,66.67,0.08,0.0,0.0,50.14,90.5,0.33,0.0,2.09,0.58,0.67,1.34,1.84,64.41,0.58,Daniel Amartey,daniel-amartey,Beşiktaş,
0.0,0.0,0.0,0.44,0.09,0.0,54.21,87.05,0.04,0.04,3.7,1.67,1.15,2.12,1.63,54.49,0.44,Furkan Bayır,furkan-bayir,Alanyaspor,
0.0,1.29,79.17,0.88,0.2,0.0,25.6,80.08,0.74,0.0,1.49,3.12,1.83,6.3,1.35,54.85,1.96,Erdal Rakip,erdal-rakip,Antalyaspor,
0.0,0.8,100.0,1.28,0.32,0.0,28.4,82.79,0.32,0.0,2.71,3.35,1.44,5.11,1.91,54.32,0.96,Hakan Arslan,hakan-arslan,Sivasspor,
0.0,0.33,53.33,0.16,0.04,0.12,38.1,80.96,0.49,0.2,2.86,0.94,1.51,2.05,1.6,54.94,0.78,Lionel Carole,lionel-carole,Kayserispor,
0.0,0.46,30.77,0.35,0.23,0.23,51.66,83.21,1.16,0.58,2.78,2.08,1.04,4.29,0.23,53.42,1.74,Andrea Bertolacci,andrea-bertolacci,Fatih Karagümrük,
0.0,1.37,40.0,1.6,0.46,1.14,23.07,67.33,4.57,1.6,1.14,0.91,0.69,3.65,1.14,30.43,1.6,Ante Rebić,ante-rebic,Beşiktaş,
0.0,0.23,83.33,0.65,0.09,0.0,21.64,65.91,0.37,0.47,2.98,2.1,1.49,2.94,1.63,51.58,0.61,Soner Gönül,soner-gonul,Yılport Samsunspor,
0.0,0.0,0.0,0.51,0.0,0.0,50.24,86.56,0.51,0.0,3.32,1.15,1.41,2.68,4.6,57.58,1.53,Murat Akça,murat-akca,Pendikspor,
0.0,0.44,33.33,0.26,0.09,0.18,30.94,82.96,0.88,0.62,1.94,1.19,0.88,2.07,1.06,45.81,0.44,Onur Bulut,onur-bulut,Beşiktaş,
0.0,0.23,30.0,0.38,0.0,0.0,41.47,87.97,0.23,0.0,1.99,2.22,1.69,3.37,1.23,49.18,1.07,Dimitrios Kourbelis,dimitrios-kourbelis,Fatih Karagümrük,
0.0,1.08,38.64,2.09,0.57,0.25,17.01,83.28,1.71,0.82,0.7,1.01,0.57,4.81,0.19,47.59,2.72,Joelson Fernandes,joelson-fernandes,Hatayspor,
